heuristic , points , jaccard index , time , exceptions 
CuttingSmallerAngle , 10 , 0.08820586656254575 , 3760389 , false
CuttingSmallerAngle , 10 , 0.36326541021652087 , 108914 , false
CuttingSmallerAngle , 10 , 0.44527036875091097 , 98991 , false
CuttingSmallerAngle , 10 , 1.0 , 70865 , false
CuttingSmallerAngle , 10 , 0.22219921308759577 , 121310 , false
CuttingSmallerAngle , 10 , 0.4385115405496618 , 226092 , false
CuttingSmallerAngle , 10 , 0.3024072097711372 , 81353 , false
CuttingSmallerAngle , 10 , 0.8196149714946708 , 61157 , false
CuttingSmallerAngle , 10 , 0.19045885751984895 , 69011 , false
CuttingSmallerAngle , 10 , 0.6877891593868712 , 64978 , false
CuttingSmallerAngle , 10 , 0.2915119400286505 , 70747 , false
CuttingSmallerAngle , 10 , 0.4008571678474591 , 100491 , false
CuttingSmallerAngle , 10 , 0.3212279055009849 , 287844 , false
CuttingSmallerAngle , 10 , 0.5541857312319945 , 247962 , false
CuttingSmallerAngle , 10 , 0.10039764049086217 , 75534 , false
CuttingSmallerAngle , 10 , 0.31984766919767743 , 105166 , false
CuttingSmallerAngle , 10 , 0.37277994111501567 , 73004 , false
CuttingSmallerAngle , 10 , 0.5677871878989197 , 83152 , false
CuttingSmallerAngle , 10 , 1.0 , 38465 , false
CuttingSmallerAngle , 10 , 0.2679482449332706 , 57161 , false
CuttingSmallerAngle , 10 , 0.19515582467640685 , 110035 , false
CuttingSmallerAngle , 10 , 0.38587767279960217 , 87321 , false
CuttingSmallerAngle , 10 , 0.07686492801429406 , 86578 , false
CuttingSmallerAngle , 10 , 0.5782129120442481 , 75112 , false
CuttingSmallerAngle , 10 , 0.289459334759448 , 119697 , false
CuttingSmallerAngle , 10 , 0.21984060009376466 , 44161 , false
CuttingSmallerAngle , 10 , 0.6460798214825317 , 59429 , false
CuttingSmallerAngle , 10 , 0.5627593196718715 , 47915 , false
CuttingSmallerAngle , 10 , 0.6691479882102954 , 42616 , false
CuttingSmallerAngle , 10 , 0.2697841726618705 , 58853 , false
CuttingSmallerAngle , 50 , 0.023028668494457026 , 108918 , false
CuttingSmallerAngle , 50 , 0.15865911512020908 , 68033 , false
CuttingSmallerAngle , 50 , 0.17771453590192646 , 68207 , false
CuttingSmallerAngle , 50 , 0.008706516529023031 , 84129 , false
CuttingSmallerAngle , 50 , 0.046740146858185276 , 78633 , false
CuttingSmallerAngle , 50 , 0.1290205100418373 , 79768 , false
CuttingSmallerAngle , 50 , 0.014934675402581822 , 83093 , false
CuttingSmallerAngle , 50 , 0.16719849599147152 , 135233 , false
CuttingSmallerAngle , 50 , 0.09466925975051062 , 78269 , false
CuttingSmallerAngle , 50 , 0.03971736180860249 , 116779 , false
CuttingSmallerAngle , 50 , 0.10582354807997461 , 87326 , false
CuttingSmallerAngle , 50 , 0.05332341884578841 , 122744 , false
CuttingSmallerAngle , 50 , 0.05476548993363449 , 51744 , false
CuttingSmallerAngle , 50 , 0.07350358380405374 , 60620 , false
CuttingSmallerAngle , 50 , 0.04958268321073879 , 59560 , false
CuttingSmallerAngle , 50 , 0.30915905056216714 , 86754 , false
CuttingSmallerAngle , 50 , 0.10936770788071903 , 68750 , false
CuttingSmallerAngle , 50 , 0.03962990389544867 , 73258 , false
CuttingSmallerAngle , 50 , 0.042764040219510954 , 68205 , false
CuttingSmallerAngle , 50 , 0.010960276363957779 , 116846 , false
CuttingSmallerAngle , 50 , 0.030989139395103525 , 179004 , false
CuttingSmallerAngle , 50 , 0.04179298046526708 , 142766 , false
CuttingSmallerAngle , 50 , 0.08458258543749246 , 75429 , false
CuttingSmallerAngle , 50 , 0.08080940161161144 , 65667 , false
CuttingSmallerAngle , 50 , 0.04928330961718669 , 115553 , false
CuttingSmallerAngle , 50 , 0.05588252779264015 , 57582 , false
CuttingSmallerAngle , 50 , 0.050342586085734366 , 79201 , false
CuttingSmallerAngle , 50 , 0.022420671113261268 , 82896 , false
CuttingSmallerAngle , 50 , 0.029399236247599263 , 64677 , false
CuttingSmallerAngle , 50 , 0.08325828706567788 , 77045 , false
CuttingSmallerAngle , 100 , 0.013280950699728821 , 62925 , false
CuttingSmallerAngle , 100 , 0.1263075295485914 , 116224 , false
CuttingSmallerAngle , 100 , 0.03226948784914346 , 119327 , false
CuttingSmallerAngle , 100 , 0.11632406790945406 , 235351 , false
CuttingSmallerAngle , 100 , 0.06555109170305677 , 105307 , false
CuttingSmallerAngle , 100 , 0.06566416040100251 , 64051 , false
CuttingSmallerAngle , 100 , 0.03574866639162125 , 59279 , false
CuttingSmallerAngle , 100 , 0.030101122632616335 , 48923 , false
CuttingSmallerAngle , 100 , 0.036146242186364294 , 63828 , false
CuttingSmallerAngle , 100 , 0.03946898480407022 , 53986 , false
CuttingSmallerAngle , 100 , 0.06289596789107073 , 50854 , false
CuttingSmallerAngle , 100 , 0.02060261466155259 , 50310 , false
CuttingSmallerAngle , 100 , 0.07864412828484561 , 77646 , false
CuttingSmallerAngle , 100 , 0.14260984139666252 , 34292 , false
CuttingSmallerAngle , 100 , 0.015626890206152554 , 63430 , false
CuttingSmallerAngle , 100 , 0.009535425213438297 , 54823 , false
CuttingSmallerAngle , 100 , 0.17967640834695026 , 47471 , false
CuttingSmallerAngle , 100 , 0.0076835326586936524 , 69207 , false
CuttingSmallerAngle , 100 , 0.01825959267062504 , 145861 , false
CuttingSmallerAngle , 100 , 0.02836130185689326 , 94714 , false
CuttingSmallerAngle , 100 , 0.018632199376767685 , 72851 , false
CuttingSmallerAngle , 100 , 0.20873824423513665 , 56015 , false
CuttingSmallerAngle , 100 , 0.180402355106871 , 57166 , false
CuttingSmallerAngle , 100 , 0.04010916428353681 , 55624 , false
CuttingSmallerAngle , 100 , 0.011757823925124306 , 87869 , false
CuttingSmallerAngle , 100 , 0.018281483590802308 , 54826 , false
CuttingSmallerAngle , 100 , 0.00472443396299842 , 89157 , false
CuttingSmallerAngle , 100 , 0.029362433918600453 , 45528 , false
CuttingSmallerAngle , 100 , 0.060962597687227844 , 33803 , false
CuttingSmallerAngle , 100 , 0.0899206051252103 , 38028 , false
CuttingSmallerAngle , 10 , 0.24546774143735137 , 22694 , false
CuttingSmallerAngle , 10 , 0.11139163032667737 , 27146 , false
CuttingSmallerAngle , 10 , 0.40968834688346883 , 20372 , false
CuttingSmallerAngle , 10 , 0.2492473823873088 , 59061 , false
CuttingSmallerAngle , 10 , 0.1093654920617359 , 46873 , false
CuttingSmallerAngle , 10 , 0.6340311971979086 , 36369 , false
CuttingSmallerAngle , 10 , 0.3971803048928955 , 61217 , false
CuttingSmallerAngle , 10 , 0.5120644580636866 , 34676 , false
CuttingSmallerAngle , 10 , 0.18436987076040331 , 36119 , false
CuttingSmallerAngle , 10 , 1.0 , 29511 , false
CuttingSmallerAngle , 10 , 0.3164464707926204 , 41499 , false
CuttingSmallerAngle , 10 , 0.18092318968532925 , 33894 , false
CuttingSmallerAngle , 10 , 0.32386341091792115 , 32004 , false
CuttingSmallerAngle , 10 , 0.18905810800286044 , 24383 , false
CuttingSmallerAngle , 10 , 0.3031175442540447 , 41982 , false
CuttingSmallerAngle , 10 , 0.3567789826067972 , 37782 , false
CuttingSmallerAngle , 10 , 0.283438502599525 , 41225 , false
CuttingSmallerAngle , 10 , 0.20723477314838423 , 36686 , false
CuttingSmallerAngle , 10 , 0.2914618369987063 , 36925 , false
CuttingSmallerAngle , 10 , 0.4035704450096389 , 34557 , false
CuttingSmallerAngle , 10 , 0.25757865307711364 , 25659 , false
CuttingSmallerAngle , 10 , 0.330687729602559 , 20137 , false
CuttingSmallerAngle , 10 , 0.18100648012267714 , 39231 , false
CuttingSmallerAngle , 10 , 0.3816083897231283 , 41267 , false
CuttingSmallerAngle , 10 , 0.7932872261594878 , 119433 , false
CuttingSmallerAngle , 10 , 0.5679641398874896 , 38053 , false
CuttingSmallerAngle , 10 , 0.4037364723023686 , 45083 , false
CuttingSmallerAngle , 10 , 0.2855415487522511 , 83339 , false
CuttingSmallerAngle , 10 , 0.15464336372124848 , 36300 , false
CuttingSmallerAngle , 10 , 0.3154611551064992 , 24580 , false
CuttingSmallerAngle , 50 , 0.027683355185418992 , 45896 , false
CuttingSmallerAngle , 50 , 0.04911260889464358 , 53286 , false
CuttingSmallerAngle , 50 , 0.17256867235294768 , 43105 , false
CuttingSmallerAngle , 50 , 0.03225683135312017 , 68749 , false
CuttingSmallerAngle , 50 , 0.011776363596327043 , 75719 , false
CuttingSmallerAngle , 50 , 0.06456190652026746 , 46411 , false
CuttingSmallerAngle , 50 , 0.12018350370243466 , 60757 , false
CuttingSmallerAngle , 50 , 0.03594043887147336 , 73087 , false
CuttingSmallerAngle , 50 , 0.039497865362322936 , 53980 , false
CuttingSmallerAngle , 50 , 0.11618013993823176 , 50445 , false
CuttingSmallerAngle , 50 , 0.014973103052070402 , 65208 , false
CuttingSmallerAngle , 50 , 0.06538524918194873 , 58146 , false
CuttingSmallerAngle , 50 , 0.03447651562176702 , 75215 , false
CuttingSmallerAngle , 50 , 0.07898682345054378 , 47779 , false
CuttingSmallerAngle , 50 , 0.19417532029110973 , 48125 , false
CuttingSmallerAngle , 50 , 0.19046023052399247 , 43837 , false
CuttingSmallerAngle , 50 , 0.2760468721124508 , 38688 , false
CuttingSmallerAngle , 50 , 0.045945955307997936 , 50233 , false
CuttingSmallerAngle , 50 , 0.11256840253627588 , 82213 , false
CuttingSmallerAngle , 50 , 0.01588184951526687 , 61081 , false
CuttingSmallerAngle , 50 , 0.07189311437741776 , 57131 , false
CuttingSmallerAngle , 50 , 0.18227531694512136 , 47263 , false
CuttingSmallerAngle , 50 , 0.06794128888556956 , 40831 , false
CuttingSmallerAngle , 50 , 0.722125688416925 , 89298 , false
CuttingSmallerAngle , 50 , 0.33534842214991945 , 47642 , false
CuttingSmallerAngle , 50 , 0.040170058796924465 , 52527 , false
CuttingSmallerAngle , 50 , 0.0359299637660873 , 37362 , false
CuttingSmallerAngle , 50 , 0.025133520591842387 , 87073 , false
CuttingSmallerAngle , 50 , 0.03173400518601615 , 75119 , false
CuttingSmallerAngle , 50 , 0.05877697073668167 , 96239 , false
CuttingSmallerAngle , 100 , 0.05893360283115557 , 50399 , false
CuttingSmallerAngle , 100 , 0.012610013793296598 , 104827 , false
CuttingSmallerAngle , 100 , 0.03678493070048697 , 64305 , false
CuttingSmallerAngle , 100 , 0.061663150567193015 , 63871 , false
CuttingSmallerAngle , 100 , 0.014997604216578822 , 65390 , false
CuttingSmallerAngle , 100 , 0.023357736237255414 , 77451 , false
CuttingSmallerAngle , 100 , 0.04319033466856183 , 95623 , false
CuttingSmallerAngle , 100 , 0.11124976182381313 , 102938 , false
CuttingSmallerAngle , 100 , 0.04664779069853403 , 47145 , false
CuttingSmallerAngle , 100 , 0.006150220173698395 , 60522 , false
CuttingSmallerAngle , 100 , 0.0017453257881740738 , 70562 , false
CuttingSmallerAngle , 100 , 0.02576900920628446 , 253995 , false
CuttingSmallerAngle , 100 , 0.09985530200148461 , 198838 , false
CuttingSmallerAngle , 100 , 0.03466762110383738 , 59566 , false
CuttingSmallerAngle , 100 , 0.10268786775306216 , 66598 , false
CuttingSmallerAngle , 100 , 0.0603609356891128 , 64570 , false
CuttingSmallerAngle , 100 , 0.07254098360655738 , 136306 , false
CuttingSmallerAngle , 100 , 0.00740303631779411 , 74042 , false
CuttingSmallerAngle , 100 , 0.014233048511576626 , 51213 , false
CuttingSmallerAngle , 100 , 0.023398010761454428 , 50158 , false
CuttingSmallerAngle , 100 , 0.027219983670001262 , 101361 , false
CuttingSmallerAngle , 100 , 0.03292578216472825 , 50197 , false
CuttingSmallerAngle , 100 , 0.032155270212658335 , 87490 , false
CuttingSmallerAngle , 100 , 0.05799584429191902 , 68820 , false
CuttingSmallerAngle , 100 , 0.025597387682813777 , 64623 , false
CuttingSmallerAngle , 100 , 0.03324306592777677 , 60659 , false
CuttingSmallerAngle , 100 , 0.0391314713404326 , 63358 , false
CuttingSmallerAngle , 100 , 0.08357012014827422 , 57413 , false
CuttingSmallerAngle , 100 , 0.014150892558836314 , 132913 , false
CuttingSmallerAngle , 100 , 0.12518264297121887 , 53583 , false
CuttingSmallerAngle , 10 , 0.0627529639313729 , 106042 , false
CuttingSmallerAngle , 10 , 0.2132064913262451 , 45350 , false
CuttingSmallerAngle , 10 , 0.12892474488545577 , 37886 , false
CuttingSmallerAngle , 10 , 0.09395835470304646 , 159655 , false
CuttingSmallerAngle , 10 , 0.08016128035592907 , 144865 , false
CuttingSmallerAngle , 10 , 0.16042738172959028 , 70643 , false
CuttingSmallerAngle , 10 , 0.06605843435241895 , 40633 , false
CuttingSmallerAngle , 10 , 0.010237982916620663 , 55727 , false
CuttingSmallerAngle , 10 , 0.03208556149732621 , 37527 , false
CuttingSmallerAngle , 10 , 0.10488128058814729 , 34985 , false
CuttingSmallerAngle , 10 , 0.01894067757801123 , 38246 , false
CuttingSmallerAngle , 10 , 0.11813107441263825 , 46678 , false
CuttingSmallerAngle , 10 , 0.21668350068326303 , 35680 , false
CuttingSmallerAngle , 10 , 0.1655922196062963 , 36589 , false
CuttingSmallerAngle , 10 , 0.03418079621805729 , 34913 , false
CuttingSmallerAngle , 10 , 0.06855665358514564 , 38002 , false
CuttingSmallerAngle , 10 , 0.10096194556878418 , 63514 , false
CuttingSmallerAngle , 10 , 0.07713516494209997 , 41051 , false
CuttingSmallerAngle , 10 , 0.0019302224581383004 , 61482 , false
CuttingSmallerAngle , 10 , 0.059175412830891574 , 66342 , false
CuttingSmallerAngle , 10 , 0.08724237971440413 , 35709 , false
CuttingSmallerAngle , 10 , 0.048351153629713 , 38620 , false
CuttingSmallerAngle , 10 , 0.06367674646915308 , 35928 , false
CuttingSmallerAngle , 10 , 0.0346107544141252 , 37997 , false
CuttingSmallerAngle , 10 , 0.25085112186448727 , 34426 , false
CuttingSmallerAngle , 10 , 0.06787977414503045 , 34691 , false
CuttingSmallerAngle , 10 , 0.023293944296775684 , 62071 , false
CuttingSmallerAngle , 10 , 0.3514567135494016 , 70838 , false
CuttingSmallerAngle , 10 , 0.043141817394715835 , 85812 , false
CuttingSmallerAngle , 10 , 0.07505550044872704 , 38971 , false
CuttingSmallerAngle , 50 , 3.9121079741800876E-4 , 52548 , false
CuttingSmallerAngle , 50 , 0.029736913288407486 , 57722 , false
CuttingSmallerAngle , 50 , 0.04475402417738703 , 48029 , false
CuttingSmallerAngle , 50 , 0.03144383299920617 , 39095 , false
CuttingSmallerAngle , 50 , 0.056320670425486025 , 46724 , false
CuttingSmallerAngle , 50 , 0.08615602214256103 , 40871 , false
CuttingSmallerAngle , 50 , 0.005584271737123869 , 57360 , false
CuttingSmallerAngle , 50 , 0.014333159721047897 , 55443 , false
CuttingSmallerAngle , 50 , 4.044952910006539E-4 , 54136 , false
CuttingSmallerAngle , 50 , 0.04397936119879014 , 188084 , false
CuttingSmallerAngle , 50 , 0.010618261419606116 , 69202 , false
CuttingSmallerAngle , 50 , 0.073278556756274 , 123752 , false
CuttingSmallerAngle , 50 , 0.03858136756541498 , 40062 , false
CuttingSmallerAngle , 50 , 0.012808890025973737 , 34868 , false
CuttingSmallerAngle , 50 , 0.004008879603029512 , 54938 , false
CuttingSmallerAngle , 50 , 0.0014179452791284364 , 44384 , false
CuttingSmallerAngle , 50 , 0.006367012360888183 , 1082262 , false
CuttingSmallerAngle , 50 , 8.917071237491331E-4 , 190244 , false
CuttingSmallerAngle , 50 , 0.028635691111391245 , 77737 , false
CuttingSmallerAngle , 50 , 0.0038588173317529303 , 66850 , false
CuttingSmallerAngle , 50 , 0.023040726918708423 , 96132 , false
CuttingSmallerAngle , 50 , 0.013397352457204607 , 53540 , false
CuttingSmallerAngle , 50 , 0.02202412165705296 , 58404 , false
CuttingSmallerAngle , 50 , 0.03246318130622603 , 35213 , false
CuttingSmallerAngle , 50 , 0.06393697346378888 , 35952 , false
CuttingSmallerAngle , 50 , 0.12998397202389625 , 40094 , false
CuttingSmallerAngle , 50 , 0.03729571692738268 , 41087 , false
CuttingSmallerAngle , 50 , 2.8170171309854276E-4 , 42381 , false
CuttingSmallerAngle , 50 , 0.027450116409929677 , 28470 , false
CuttingSmallerAngle , 50 , 0.03691550451189499 , 32669 , false
CuttingSmallerAngle , 100 , 0.0028042244284131254 , 43876 , false
CuttingSmallerAngle , 100 , 0.012861101204356533 , 75635 , false
CuttingSmallerAngle , 100 , 0.05466876715819713 , 44420 , false
CuttingSmallerAngle , 100 , 0.05558239354111487 , 48206 , false
CuttingSmallerAngle , 100 , 0.0011403265315973019 , 41170 , false
CuttingSmallerAngle , 100 , 0.004027784198603856 , 63733 , false
CuttingSmallerAngle , 100 , 0.005899445276041208 , 41457 , false
CuttingSmallerAngle , 100 , 0.039054015116253296 , 50314 , false
CuttingSmallerAngle , 100 , 6.640032757494937E-5 , 64218 , false
CuttingSmallerAngle , 100 , 0.011500480350320606 , 34916 , false
CuttingSmallerAngle , 100 , 0.024840926169199414 , 37754 , false
CuttingSmallerAngle , 100 , 0.02528769332258301 , 54063 , false
CuttingSmallerAngle , 100 , 0.0064009482886353535 , 66190 , false
CuttingSmallerAngle , 100 , 0.05390270307035691 , 44519 , false
CuttingSmallerAngle , 100 , 0.012423317951033625 , 41005 , false
CuttingSmallerAngle , 100 , 0.0344440928797038 , 49131 , false
CuttingSmallerAngle , 100 , 0.0013768355548809904 , 43222 , false
CuttingSmallerAngle , 100 , 0.0014857162225523815 , 38711 , false
CuttingSmallerAngle , 100 , 0.0030573588364632104 , 49271 , false
CuttingSmallerAngle , 100 , 0.07645767067000216 , 36936 , false
CuttingSmallerAngle , 100 , 0.0022532188841201716 , 44459 , false
CuttingSmallerAngle , 100 , 0.0030107642916880244 , 39796 , false
CuttingSmallerAngle , 100 , 0.07856498532005722 , 43150 , false
CuttingSmallerAngle , 100 , 0.02058853068193231 , 33525 , false
CuttingSmallerAngle , 100 , 0.019645552756125468 , 24743 , false
CuttingSmallerAngle , 100 , 0.014623035894478881 , 304052 , false
CuttingSmallerAngle , 100 , 0.006625254109639461 , 83761 , false
CuttingSmallerAngle , 100 , 0.0037684620844270697 , 46200 , false
CuttingSmallerAngle , 100 , 0.0016961897923298299 , 36713 , false
CuttingSmallerAngle , 100 , 0.0081528365885561 , 40028 , false
CuttingSmallerAngle2 , 10 , 0.14953469330631555 , 291270 , false
CuttingSmallerAngle2 , 10 , 0.27547559078230105 , 58275 , false
CuttingSmallerAngle2 , 10 , 0.4959192574619891 , 59677 , false
CuttingSmallerAngle2 , 10 , 1.0 , 29934 , false
CuttingSmallerAngle2 , 10 , 0.6104473446174862 , 86945 , false
CuttingSmallerAngle2 , 10 , 0.4799204361040902 , 49983 , false
CuttingSmallerAngle2 , 10 , 0.38094499364764717 , 58710 , false
CuttingSmallerAngle2 , 10 , 0.8225458261246229 , 31296 , false
CuttingSmallerAngle2 , 10 , 0.16527517206912493 , 43362 , false
CuttingSmallerAngle2 , 10 , 0.7112187181599892 , 34144 , false
CuttingSmallerAngle2 , 10 , 0.14700159838963858 , 69917 , false
CuttingSmallerAngle2 , 10 , 0.4782032538666345 , 35891 , false
CuttingSmallerAngle2 , 10 , 0.39266245569690167 , 44329 , false
CuttingSmallerAngle2 , 10 , 0.5613821842624453 , 35458 , false
CuttingSmallerAngle2 , 10 , 0.04754150680711228 , 72937 , false
CuttingSmallerAngle2 , 10 , 0.08277347359947106 , 120227 , false
CuttingSmallerAngle2 , 10 , 0.4725868278330617 , 50538 , false
CuttingSmallerAngle2 , 10 , 0.6762134789815611 , 60295 , false
CuttingSmallerAngle2 , 10 , 1.0 , 15100 , false
CuttingSmallerAngle2 , 10 , 0.28423908406899434 , 333092 , false
CuttingSmallerAngle2 , 10 , 0.18633099247292997 , 343526 , false
CuttingSmallerAngle2 , 10 , 0.43420772428840165 , 46419 , false
CuttingSmallerAngle2 , 10 , 0.06044768925120264 , 50813 , false
CuttingSmallerAngle2 , 10 , 0.5631284426954981 , 39981 , false
CuttingSmallerAngle2 , 10 , 0.19599761048715955 , 809168 , false
CuttingSmallerAngle2 , 10 , 0.2434195396119335 , 29998 , false
CuttingSmallerAngle2 , 10 , 0.6492634569943183 , 31377 , false
CuttingSmallerAngle2 , 10 , 0.6184760650666794 , 32383 , false
CuttingSmallerAngle2 , 10 , 0.6892853735765361 , 47428 , false
CuttingSmallerAngle2 , 10 , 0.23529583683137448 , 68543 , false
CuttingSmallerAngle2 , 50 , 0.009603492947327147 , 117387 , false
CuttingSmallerAngle2 , 50 , 0.011111823650407823 , 67597 , false
CuttingSmallerAngle2 , 50 , null , null , true
CuttingLargerAngle , 10 , 0.9138074088535312 , 143117 , false
CuttingLargerAngle , 10 , 0.8845732064981765 , 28865 , false
CuttingLargerAngle , 10 , 0.8033814312782394 , 24602 , false
CuttingLargerAngle , 10 , 1.0 , 13877 , false
CuttingLargerAngle , 10 , 0.8383335059018431 , 32072 , false
CuttingLargerAngle , 10 , 0.9115787002391748 , 25971 , false
CuttingLargerAngle , 10 , 0.771718249733191 , 30090 , false
CuttingLargerAngle , 10 , 0.9135916714864083 , 120932 , false
CuttingLargerAngle , 10 , 0.7084878403894715 , 56112 , false
CuttingLargerAngle , 10 , 0.8892584216516637 , 49325 , false
CuttingLargerAngle , 10 , 0.8080694287979305 , 169623 , false
CuttingLargerAngle , 10 , 0.9542770926266072 , 124314 , false
CuttingLargerAngle , 10 , 0.8207718036514589 , 23574 , false
CuttingLargerAngle , 10 , 0.9531011692933401 , 22365 , false
CuttingLargerAngle , 10 , 0.8348343603518197 , 116687 , false
CuttingLargerAngle , 10 , 0.7685888243729284 , 46539 , false
CuttingLargerAngle , 10 , 0.7899927185234432 , 24738 , false
CuttingLargerAngle , 10 , 0.8633549750868187 , 28802 , false
CuttingLargerAngle , 10 , 1.0 , 10116 , false
CuttingLargerAngle , 10 , 0.7016450172389664 , 22156 , false
CuttingLargerAngle , 10 , 0.8997092754106253 , 23043 , false
CuttingLargerAngle , 10 , 0.8906016907011437 , 59872 , false
CuttingLargerAngle , 10 , 0.8674707074872007 , 24555 , false
CuttingLargerAngle , 10 , 0.7993896818080677 , 45951 , false
CuttingLargerAngle , 10 , 0.9570907260601484 , 22435 , false
CuttingLargerAngle , 10 , 0.9689826535396155 , 24419 , false
CuttingLargerAngle , 10 , 0.9238278980033007 , 32288 , false
CuttingLargerAngle , 10 , 0.9844804104773066 , 17950 , false
CuttingLargerAngle , 10 , 0.7636301322914525 , 40919 , false
CuttingLargerAngle , 10 , 0.8602808929327127 , 67110 , false
CuttingLargerAngle , 50 , 0.900330790320658 , 46611 , false
CuttingLargerAngle , 50 , 0.8865045485549621 , 33757 , false
CuttingLargerAngle , 50 , 0.9060712200817279 , 34512 , false
CuttingLargerAngle , 50 , 0.7003716771045332 , 49449 , false
CuttingLargerAngle , 50 , 0.822766084650407 , 44469 , false
CuttingLargerAngle , 50 , 0.7249575853400723 , 43211 , false
CuttingLargerAngle , 50 , 0.8072749086546327 , 56133 , false
CuttingLargerAngle , 50 , 0.8865006590841971 , 58237 , false
CuttingLargerAngle , 50 , 0.7836212578626588 , 68249 , false
CuttingLargerAngle , 50 , 0.7841359623618968 , 164868 , false
CuttingLargerAngle , 50 , 0.702078705172961 , 33325 , false
CuttingLargerAngle , 50 , 0.8827446606353534 , 34728 , false
CuttingLargerAngle , 50 , 0.8058589673112009 , 35007 , false
CuttingLargerAngle , 50 , 0.8035474122244901 , 45476 , false
CuttingLargerAngle , 50 , 0.7531350356225904 , 55864 , false
CuttingLargerAngle , 50 , 0.9116312709579854 , 35682 , false
CuttingLargerAngle , 50 , 0.8347816990939667 , 44710 , false
CuttingLargerAngle , 50 , 0.8906149552027472 , 38471 , false
CuttingLargerAngle , 50 , 0.8102042147843674 , 32598 , false
CuttingLargerAngle , 50 , 0.8575237730456752 , 41070 , false
CuttingLargerAngle , 50 , 0.8189712438073743 , 43042 , false
CuttingLargerAngle , 50 , 0.7600551187484802 , 45652 , false
CuttingLargerAngle , 50 , 0.8629381841916695 , 44243 , false
CuttingLargerAngle , 50 , 0.8884457593043592 , 32787 , false
CuttingLargerAngle , 50 , 0.8158296602228161 , 35144 , false
CuttingLargerAngle , 50 , 0.6411543393886893 , 38835 , false
CuttingLargerAngle , 50 , 0.7070801124385102 , 61491 , false
CuttingLargerAngle , 50 , 0.7926306021936886 , 56091 , false
CuttingLargerAngle , 50 , 0.7442924080619969 , 109500 , false
CuttingLargerAngle , 50 , 0.8808604609276501 , 51118 , false
CuttingLargerAngle , 100 , 0.8271147735552835 , 73222 , false
CuttingLargerAngle , 100 , 0.859631054220877 , 146417 , false
CuttingLargerAngle , 100 , 0.8564472577575141 , 87894 , false
CuttingLargerAngle , 100 , 0.82933172436751 , 85132 , false
CuttingLargerAngle , 100 , 0.8943510917030568 , 42218 , false
CuttingLargerAngle , 100 , 0.8579256360078278 , 33556 , false
CuttingLargerAngle , 100 , 0.8461265643208188 , 45579 , false
CuttingLargerAngle , 100 , 0.8662410375067844 , 87275 , false
CuttingLargerAngle , 100 , 0.8816833842128217 , 45064 , false
CuttingLargerAngle , 100 , 0.8570706560194077 , 53027 , false
CuttingLargerAngle , 100 , 0.8824476209392957 , 56549 , false
CuttingLargerAngle , 100 , 0.877208146507482 , 46819 , false
CuttingLargerAngle , 100 , 0.9064149285895667 , 40983 , false
CuttingLargerAngle , 100 , 0.8826139063518429 , 50129 , false
CuttingLargerAngle , 100 , 0.907028542557658 , 34750 , false
CuttingLargerAngle , 100 , 0.8836484089145138 , 52499 , false
CuttingLargerAngle , 100 , 0.9436326377541453 , 34217 , false
CuttingLargerAngle , 100 , 0.8431057957681692 , 33360 , false
CuttingLargerAngle , 100 , 0.80285456879979 , 64720 , false
CuttingLargerAngle , 100 , 0.9101214903904759 , 51462 , false
CuttingLargerAngle , 100 , 0.8123754075118925 , 751423 , false
CuttingLargerAngle , 100 , 0.8756469675288154 , 56200 , false
CuttingLargerAngle , 100 , 0.9189957193156749 , 23515 , false
CuttingLargerAngle , 100 , 0.8977455833466401 , 37848 , false
CuttingLargerAngle , 100 , 0.820532319391635 , 50573 , false
CuttingLargerAngle , 100 , 0.8481027977504093 , 41003 , false
CuttingLargerAngle , 100 , 0.6793845004319705 , 59425 , false
CuttingLargerAngle , 100 , 0.9195487710805856 , 54078 , false
CuttingLargerAngle , 100 , 0.8706923897684344 , 110765 , false
CuttingLargerAngle , 100 , 0.9246443916072248 , 40615 , false
CuttingLargerAngle , 10 , 0.8997292483811524 , 32226 , false
CuttingLargerAngle , 10 , 0.7826868640501874 , 16413 , false
CuttingLargerAngle , 10 , 0.8567411924119241 , 23198 , false
CuttingLargerAngle , 10 , 0.9021798569019208 , 17795 , false
CuttingLargerAngle , 10 , 0.9709686341760247 , 16325 , false
CuttingLargerAngle , 10 , 0.7756803991384874 , 14638 , false
CuttingLargerAngle , 10 , 0.8439725156930167 , 26798 , false
CuttingLargerAngle , 10 , 0.9470706724381777 , 25816 , false
CuttingLargerAngle , 10 , 0.8982772651411705 , 35201 , false
CuttingLargerAngle , 10 , 1.0 , 6855 , false
CuttingLargerAngle , 10 , 0.7251718205777917 , 20762 , false
CuttingLargerAngle , 10 , 0.9394396228615215 , 13734 , false
CuttingLargerAngle , 10 , 0.6578606969122234 , 14010 , false
CuttingLargerAngle , 10 , 0.8574806884881441 , 16216 , false
CuttingLargerAngle , 10 , 0.8561317505094382 , 17059 , false
CuttingLargerAngle , 10 , 0.76195327850957 , 12951 , false
CuttingLargerAngle , 10 , 0.8996902792116703 , 13997 , false
CuttingLargerAngle , 10 , 0.8152973974535502 , 13754 , false
CuttingLargerAngle , 10 , 0.8637318316718666 , 12703 , false
CuttingLargerAngle , 10 , 0.8512584576671148 , 14164 , false
CuttingLargerAngle , 10 , 0.5366457868846658 , 13537 , false
CuttingLargerAngle , 10 , 0.9427665300195964 , 14544 , false
CuttingLargerAngle , 10 , 0.7188731511863736 , 54464 , false
CuttingLargerAngle , 10 , 0.9755479470520044 , 15713 , false
CuttingLargerAngle , 10 , 0.9123520358723946 , 29820 , false
CuttingLargerAngle , 10 , 0.8820637467207414 , 23525 , false
CuttingLargerAngle , 10 , 0.7971108959673322 , 15928 , false
CuttingLargerAngle , 10 , 0.78972643855587 , 34163 , false
CuttingLargerAngle , 10 , 0.8624703307982352 , 32649 , false
CuttingLargerAngle , 10 , 0.9442756690333152 , 17815 , false
CuttingLargerAngle , 50 , 0.9365075511096004 , 19166 , false
CuttingLargerAngle , 50 , 0.826496164483232 , 29328 , false
CuttingLargerAngle , 50 , 0.953532537548999 , 20660 , false
CuttingLargerAngle , 50 , 0.7493845283422786 , 36770 , false
CuttingLargerAngle , 50 , 0.7496091427564794 , 39568 , false
CuttingLargerAngle , 50 , 0.9304422747627891 , 25898 , false
CuttingLargerAngle , 50 , 0.8462528315534997 , 34907 , false
CuttingLargerAngle , 50 , 0.8390360501567398 , 36892 , false
CuttingLargerAngle , 50 , 0.9081929090446436 , 41394 , false
CuttingLargerAngle , 50 , 0.8982184920870339 , 35438 , false
CuttingLargerAngle , 50 , 0.7940163832343028 , 34707 , false
CuttingLargerAngle , 50 , 0.8593893453235717 , 46657 , false
CuttingLargerAngle , 50 , 0.9225710147497856 , 19461 , false
CuttingLargerAngle , 50 , 0.768991398326773 , 30210 , false
CuttingLargerAngle , 50 , 0.8384523301618335 , 22956 , false
CuttingLargerAngle , 50 , 0.9228602959208698 , 21800 , false
CuttingLargerAngle , 50 , 0.8620237076037066 , 20016 , false
CuttingLargerAngle , 50 , 0.8994655110898655 , 25792 , false
CuttingLargerAngle , 50 , 0.8849070976716458 , 17958 , false
CuttingLargerAngle , 50 , 0.8453577391279948 , 30424 , false
CuttingLargerAngle , 50 , 0.835076062810568 , 28963 , false
CuttingLargerAngle , 50 , 0.7349782851314804 , 29282 , false
CuttingLargerAngle , 50 , 0.8446817764461412 , 23851 , false
CuttingLargerAngle , 50 , 0.9772722491722168 , 13584 , false
CuttingLargerAngle , 50 , 0.8214020595760811 , 26639 , false
CuttingLargerAngle , 50 , 0.885427408412483 , 30349 , false
CuttingLargerAngle , 50 , 0.8669623503251453 , 18692 , false
CuttingLargerAngle , 50 , 0.7994896546267357 , 36926 , false
CuttingLargerAngle , 50 , 0.8962870331206209 , 73743 , false
CuttingLargerAngle , 50 , 0.8281051550414708 , 36529 , false
CuttingLargerAngle , 100 , 0.8761476571901995 , 51596 , false
CuttingLargerAngle , 100 , 0.8212437772627658 , 211129 , false
CuttingLargerAngle , 100 , 0.8445657408893883 , 42051 , false
CuttingLargerAngle , 100 , 0.8844055660920153 , 51964 , false
CuttingLargerAngle , 100 , 0.8067192510412443 , 50533 , false
CuttingLargerAngle , 100 , 0.8916736540236607 , 59850 , false
CuttingLargerAngle , 100 , 0.8514019899211784 , 25909 , false
CuttingLargerAngle , 100 , 0.817476714775143 , 29466 , false
CuttingLargerAngle , 100 , 0.9009566123797766 , 34470 , false
CuttingLargerAngle , 100 , 0.8221840254655375 , 43807 , false
CuttingLargerAngle , 100 , 0.8632015797527873 , 48837 , false
CuttingLargerAngle , 100 , 0.9145887227487898 , 34232 , false
CuttingLargerAngle , 100 , 0.9171834859560843 , 28884 , false
CuttingLargerAngle , 100 , 0.8283283109925762 , 39050 , false
CuttingLargerAngle , 100 , 0.8850741646465833 , 39930 , false
CuttingLargerAngle , 100 , 0.9010383405473167 , 39396 , false
CuttingLargerAngle , 100 , 0.7675812082574378 , 45239 , false
CuttingLargerAngle , 100 , 0.8549040645172827 , 36575 , false
CuttingLargerAngle , 100 , 0.879582414553473 , 26657 , false
CuttingLargerAngle , 100 , 0.8625468775476928 , 31800 , false
CuttingLargerAngle , 100 , 0.9261598613941571 , 56349 , false
CuttingLargerAngle , 100 , 0.9210774678370458 , 52678 , false
CuttingLargerAngle , 100 , 0.8818853827199745 , 42113 , false
CuttingLargerAngle , 100 , 0.8525219201212022 , 43004 , false
CuttingLargerAngle , 100 , 0.9031277240463244 , 50690 , false
CuttingLargerAngle , 100 , 0.8520777788634682 , 48557 , false
CuttingLargerAngle , 100 , 0.8231660622173417 , 50857 , false
CuttingLargerAngle , 100 , 0.8154649435317535 , 39023 , false
CuttingLargerAngle , 100 , 0.8457125202527689 , 4434199 , false
CuttingLargerAngle , 100 , 0.842887401316162 , 34563 , false
CuttingLargerAngle , 10 , 0.8833769117805079 , 14859 , false
CuttingLargerAngle , 10 , 0.7721138454731198 , 15557 , false
CuttingLargerAngle , 10 , 0.8226696597492477 , 18926 , false
CuttingLargerAngle , 10 , 0.6625201652383927 , 43262 , false
CuttingLargerAngle , 10 , 0.6546221343385034 , 35616 , false
CuttingLargerAngle , 10 , 0.7326077610229137 , 14104 , false
CuttingLargerAngle , 10 , 0.4901098714918634 , 16535 , false
CuttingLargerAngle , 10 , 0.9460899938772848 , 17988 , false
CuttingLargerAngle , 10 , 0.8401892225421638 , 37957 , false
CuttingLargerAngle , 10 , 0.6442050821739224 , 28991 , false
CuttingLargerAngle , 10 , 0.7068866032257769 , 22137 , false
CuttingLargerAngle , 10 , 0.7774785914874438 , 17409 , false
CuttingLargerAngle , 10 , 0.9319707682252986 , 13744 , false
CuttingLargerAngle , 10 , 0.65380206343141 , 15086 , false
CuttingLargerAngle , 10 , 0.6824992089932811 , 14688 , false
CuttingLargerAngle , 10 , 0.7521651451379417 , 1456269 , false
CuttingLargerAngle , 10 , 0.9864684065236168 , 14693 , false
CuttingLargerAngle , 10 , 0.607133975585758 , 17208 , false
CuttingLargerAngle , 10 , 0.7380205568691792 , 42934 , false
CuttingLargerAngle , 10 , 0.7850951033420497 , 14572 , false
CuttingLargerAngle , 10 , 0.7031573791492408 , 17493 , false
CuttingLargerAngle , 10 , 0.4475407990996061 , 19808 , false
CuttingLargerAngle , 10 , 0.7912110343218732 , 20341 , false
CuttingLargerAngle , 10 , 0.5824889646869984 , 18258 , false
CuttingLargerAngle , 10 , 0.8171173992544476 , 15804 , false
CuttingLargerAngle , 10 , 0.6905343097369134 , 15297 , false
CuttingLargerAngle , 10 , 0.7313937362764359 , 19224 , false
CuttingLargerAngle , 10 , 0.47226347514632655 , 17185 , false
CuttingLargerAngle , 10 , 0.5756841948619434 , 13430 , false
CuttingLargerAngle , 10 , 0.6626202509722419 , 17412 , false
CuttingLargerAngle , 50 , 0.8220903696942036 , 32647 , false
CuttingLargerAngle , 50 , 0.8241070693528091 , 27774 , false
CuttingLargerAngle , 50 , 0.8608959855194259 , 28069 , false
CuttingLargerAngle , 50 , 0.7690149751759213 , 24401 , false
CuttingLargerAngle , 50 , 0.7783837076747697 , 23937 , false
CuttingLargerAngle , 50 , 0.7594557026849075 , 38067 , false
CuttingLargerAngle , 50 , 0.7614858316411298 , 45115 , false
CuttingLargerAngle , 50 , 0.8420714425828096 , 26732 , false
CuttingLargerAngle , 50 , 0.8611367665994755 , 33889 , false
CuttingLargerAngle , 50 , 0.7920700085006557 , 46431 , false
CuttingLargerAngle , 50 , 0.7090567941947818 , 36329 , false
CuttingLargerAngle , 50 , 0.5136197195677413 , 26423 , false
CuttingLargerAngle , 50 , 0.8187823561104735 , 23052 , false
CuttingLargerAngle , 50 , 0.9301601250298949 , 20023 , false
CuttingLargerAngle , 50 , 0.8224928179681379 , 40092 , false
CuttingLargerAngle , 50 , 0.8866707235656597 , 27351 , false
CuttingLargerAngle , 50 , 0.7336101256226346 , 27295 , false
CuttingLargerAngle , 50 , 0.79280029063047 , 42452 , false
CuttingLargerAngle , 50 , 0.752237578041547 , 31690 , false
CuttingLargerAngle , 50 , 0.7945146845779006 , 28268 , false
CuttingLargerAngle , 50 , 0.8159929069794395 , 25129 , false
CuttingLargerAngle , 50 , 0.7822776727165557 , 32311 , false
CuttingLargerAngle , 50 , 0.8078460933403251 , 38527 , false
CuttingLargerAngle , 50 , 0.7308492892887184 , 19298 , false
CuttingLargerAngle , 50 , 0.8041588773701717 , 28837 , false
CuttingLargerAngle , 50 , 0.8040332216231969 , 27398 , false
CuttingLargerAngle , 50 , 0.8220425808386226 , 27014 , false
CuttingLargerAngle , 50 , 0.7567212268109605 , 35068 , false
CuttingLargerAngle , 50 , 0.8986489302790861 , 17277 , false
CuttingLargerAngle , 50 , 0.8498263791340308 , 24494 , false
CuttingLargerAngle , 100 , 0.7879927180623714 , 30609 , false
CuttingLargerAngle , 100 , 0.8594771062522291 , 34789 , false
CuttingLargerAngle , 100 , 0.8429843969002305 , 27202 , false
CuttingLargerAngle , 100 , 0.8907619951913733 , 51054 , false
CuttingLargerAngle , 100 , 0.8099033437511313 , 29221 , false
CuttingLargerAngle , 100 , 0.8606802736812907 , 29912 , false
CuttingLargerAngle , 100 , 0.8647750286167122 , 35885 , false
CuttingLargerAngle , 100 , 0.8592659086375424 , 29637 , false
CuttingLargerAngle , 100 , 0.8696174234459557 , 30503 , false
CuttingLargerAngle , 100 , 0.9018633124064434 , 21025 , false
CuttingLargerAngle , 100 , 0.9146704725452354 , 30178 , false
CuttingLargerAngle , 100 , 0.8109878833326756 , 81478 , false
CuttingLargerAngle , 100 , 0.7775848273818343 , 45850 , false
CuttingLargerAngle , 100 , 0.8929711101916351 , 78914 , false
CuttingLargerAngle , 100 , 0.8227144068636629 , 33852 , false
CuttingLargerAngle , 100 , 0.8673583240353712 , 31196 , false
CuttingLargerAngle , 100 , 0.8684634189970782 , 30230 , false
CuttingLargerAngle , 100 , 0.8904354899756524 , 25128 , false
CuttingLargerAngle , 100 , 0.8255565031240754 , 34743 , false
CuttingLargerAngle , 100 , 0.8730516283123734 , 32593 , false
CuttingLargerAngle , 100 , 0.7366773962804005 , 35813 , false
CuttingLargerAngle , 100 , 0.8338144441147112 , 25419 , false
CuttingLargerAngle , 100 , 0.8169230150476595 , 30124 , false
CuttingLargerAngle , 100 , 0.9625835537254639 , 20701 , false
CuttingLargerAngle , 100 , 0.9435291084024088 , 21327 , false
CuttingLargerAngle , 100 , 0.7851809139397434 , 34089 , false
CuttingLargerAngle , 100 , 0.758336778087963 , 29861 , false
CuttingLargerAngle , 100 , 0.8020008336807003 , 39679 , false
CuttingLargerAngle , 100 , 0.7824297353378528 , 31414 , false
CuttingLargerAngle , 100 , 0.8292282794244795 , 46806 , false
CuttingLargerAngle2 , 10 , 0.9173008353550823 , 85529 , false
CuttingLargerAngle2 , 10 , 0.8865028220497109 , 54189 , false
CuttingLargerAngle2 , 10 , 0.8172197862764515 , 59979 , false
CuttingLargerAngle2 , 10 , 1.0 , 7505 , false
CuttingLargerAngle2 , 10 , 0.8586875993557189 , 5523843 , false
CuttingLargerAngle2 , 10 , 0.918494931906163 , 33917 , false
CuttingLargerAngle2 , 10 , 0.7739145681891892 , 42718 , false
CuttingLargerAngle2 , 10 , 0.9114244444553309 , 27652 , false
CuttingLargerAngle2 , 10 , 0.7379007411221604 , 36093 , false
CuttingLargerAngle2 , 10 , 0.8846019249356923 , 50830 , false
CuttingLargerAngle2 , 10 , 0.8262407973960795 , 53293 , false
CuttingLargerAngle2 , 10 , 0.9525825815722461 , 43350 , false
CuttingLargerAngle2 , 10 , 0.826363642685361 , 34062 , false
CuttingLargerAngle2 , 10 , 0.952373585958256 , 25881 , false
CuttingLargerAngle2 , 10 , 0.8408886042698733 , 50837 , false
CuttingLargerAngle2 , 10 , 0.792970380938427 , 52990 , false
CuttingLargerAngle2 , 10 , 0.7788264064325044 , 39856 , false
CuttingLargerAngle2 , 10 , 0.8683204877614205 , 42921 , false
CuttingLargerAngle2 , 10 , 1.0 , 7822 , false
CuttingLargerAngle2 , 10 , 0.7617841391284093 , 35148 , false
CuttingLargerAngle2 , 10 , 0.8992111465629383 , 41328 , false
CuttingLargerAngle2 , 10 , 0.8819602365018517 , 41793 , false
CuttingLargerAngle2 , 10 , 0.8759182317212748 , 63611 , false
CuttingLargerAngle2 , 10 , 0.8233377507985499 , 81271 , false
CuttingLargerAngle2 , 10 , 0.9565057956597812 , 54505 , false
CuttingLargerAngle2 , 10 , 0.9696291137564067 , 37738 , false
CuttingLargerAngle2 , 10 , 0.931392313024296 , 30167 , false
CuttingLargerAngle2 , 10 , 0.9762024431917647 , 30288 , false
CuttingLargerAngle2 , 10 , 0.7738956112551112 , 23756 , false
CuttingLargerAngle2 , 10 , 0.8781206832413958 , 45714 , false
CuttingLargerAngle2 , 50 , 0.8802064883460605 , 79845 , false
CuttingLargerAngle2 , 50 , 0.8817409066439466 , 65613 , false
CuttingLargerAngle2 , 50 , 0.8762903752247118 , 85920 , false
CuttingLargerAngle2 , 50 , 0.7269357095935796 , 97935 , false
CuttingLargerAngle2 , 50 , 0.8020389275637009 , 71364 , false
CuttingLargerAngle2 , 50 , 0.7440209356674742 , 63821 , false
CuttingLargerAngle2 , 50 , 0.8203626628803333 , 72841 , false
CuttingLargerAngle2 , 50 , 0.9158988392727779 , 68324 , false
CuttingLargerAngle2 , 50 , 0.7718902687313935 , 59991 , false
CuttingLargerAngle2 , 50 , 0.78779008288905 , 89630 , false
CuttingLargerAngle2 , 50 , 0.7530085412982013 , 63487 , false
CuttingLargerAngle2 , 50 , 0.8778114516380243 , 69126 , false
CuttingLargerAngle2 , 50 , 0.7994891432025119 , 79095 , false
CuttingLargerAngle2 , 50 , 0.8295180016537569 , 90857 , false
CuttingLargerAngle2 , 50 , 0.7823775036849018 , 272113 , false
CuttingLargerAngle2 , 50 , 0.9091274465507513 , 812559 , false
CuttingLargerAngle2 , 50 , 0.8636876038624632 , 48226 , false
CuttingLargerAngle2 , 50 , 0.9021053436088284 , 81866 , false
CuttingLargerAngle2 , 50 , 0.7922004726574372 , 72734 , false
CuttingLargerAngle2 , 50 , 0.8564088846490244 , 80644 , false
CuttingLargerAngle2 , 50 , 0.8314018374801587 , 121448 , false
CuttingLargerAngle2 , 50 , 0.7383285400902325 , 115769 , false
CuttingLargerAngle2 , 50 , 0.8418519016954129 , 88012 , false
CuttingLargerAngle2 , 50 , 0.8774123761863828 , 60083 , false
CuttingLargerAngle2 , 50 , 0.8110144629997778 , 216276 , false
CuttingLargerAngle2 , 50 , 0.6836126653325061 , 75671 , false
CuttingLargerAngle2 , 50 , 0.7741596988435582 , 72643 , false
CuttingLargerAngle2 , 50 , 0.7780032600235917 , 82503 , false
CuttingLargerAngle2 , 50 , 0.7403433552078681 , 181000 , false
CuttingLargerAngle2 , 50 , 0.8355036871539296 , 726373 , false
CuttingLargerAngle2 , 100 , 0.8246375728054168 , 112938 , false
CuttingLargerAngle2 , 100 , 0.8664806613565228 , 89258 , false
CuttingLargerAngle2 , 100 , 0.7415910382136439 , 105150 , false
CuttingLargerAngle2 , 100 , 0.8347838769349065 , 145902 , false
CuttingLargerAngle2 , 100 , 0.8718444284951535 , 124870 , false
CuttingLargerAngle2 , 100 , 0.8545263828431023 , 53361 , false
CuttingLargerAngle2 , 100 , 0.8049624159419904 , 75761 , false
CuttingLargerAngle2 , 100 , 0.8432508917766347 , 62530 , false
CuttingLargerAngle2 , 100 , 0.8607811166345806 , 76225 , false
CuttingLargerAngle2 , 100 , 0.8249987491174329 , 177280 , false
CuttingLargerAngle2 , 100 , 0.8618868888373538 , 75915 , false
CuttingLargerAngle2 , 100 , 0.87846083470608 , 117965 , false
CuttingLargerAngle2 , 100 , 0.9092540934934862 , 50652 , false
CuttingLargerAngle2 , 100 , 0.8728947544197145 , 129900 , false
CuttingLargerAngle2 , 100 , 0.9085988480995869 , 112324 , false
CuttingLargerAngle2 , 100 , 0.860485926829874 , 70354 , false
CuttingLargerAngle2 , 100 , 0.9409454107997332 , 42675 , false
CuttingLargerAngle2 , 100 , 0.852429417844477 , 55830 , false
CuttingLargerAngle2 , 100 , 0.7291635415642926 , 88507 , false
CuttingLargerAngle2 , 100 , 0.9086043898873605 , 57050 , false
CuttingLargerAngle2 , 100 , 0.7946099575280008 , 104089 , false
CuttingLargerAngle2 , 100 , 0.8792842324274965 , 62443 , false
CuttingLargerAngle2 , 100 , 0.9229739034356719 , 30683 , false
CuttingLargerAngle2 , 100 , 0.9008496431722756 , 62984 , false
CuttingLargerAngle2 , 100 , 0.806520098131723 , 121363 , false
CuttingLargerAngle2 , 100 , 0.8168251493538992 , 71412 , false
CuttingLargerAngle2 , 100 , 0.6909141217287835 , 79258 , false
CuttingLargerAngle2 , 100 , 0.9171603303872674 , 68703 , false
CuttingLargerAngle2 , 100 , 0.8433051818665147 , 54077 , false
CuttingLargerAngle2 , 100 , 0.9056981823246473 , 56115 , false
CuttingLargerAngle2 , 10 , 0.9061866301181586 , 23122 , false
CuttingLargerAngle2 , 10 , 0.7932678453386292 , 28970 , false
CuttingLargerAngle2 , 10 , 0.8570501990127273 , 22533 , false
CuttingLargerAngle2 , 10 , 0.9105603510829472 , 24562 , false
CuttingLargerAngle2 , 10 , 0.9674055099373827 , 24836 , false
CuttingLargerAngle2 , 10 , 0.799987725236029 , 24706 , false
CuttingLargerAngle2 , 10 , 0.8408086979247976 , 40470 , false
CuttingLargerAngle2 , 10 , 0.9488486183081737 , 19476 , false
CuttingLargerAngle2 , 10 , 0.9010154033084468 , 27901 , false
CuttingLargerAngle2 , 10 , 1.0 , 9546 , false
CuttingLargerAngle2 , 10 , 0.7568390431544717 , 23673 , false
CuttingLargerAngle2 , 10 , 0.8067886347762149 , 27652 , false
CuttingLargerAngle2 , 10 , 0.7205985760251554 , 26002 , false
CuttingLargerAngle2 , 10 , 0.8482742281455067 , 112000 , false
CuttingLargerAngle2 , 10 , 0.8583742236442128 , 30593 , false
CuttingLargerAngle2 , 10 , 0.8086220223659114 , 49467 , false
CuttingLargerAngle2 , 10 , 0.9072344582426227 , 24540 , false
CuttingLargerAngle2 , 10 , 0.8090587844305259 , 28211 , false
CuttingLargerAngle2 , 10 , 0.8745530945024006 , 39911 , false
CuttingLargerAngle2 , 10 , 0.8576342645298749 , 24368 , false
CuttingLargerAngle2 , 10 , 0.5882691731139713 , 19846 , false
CuttingLargerAngle2 , 10 , 0.9448307439072273 , 22022 , false
CuttingLargerAngle2 , 10 , 0.7721926720290674 , 25191 , false
CuttingLargerAngle2 , 10 , 0.9767672276382472 , 16718 , false
CuttingLargerAngle2 , 10 , 0.9177146396072066 , 15949 , false
CuttingLargerAngle2 , 10 , 0.8887188805431065 , 24930 , false
CuttingLargerAngle2 , 10 , 0.8227087845787302 , 22846 , false
CuttingLargerAngle2 , 10 , 0.8069574972617674 , 33609 , false
CuttingLargerAngle2 , 10 , 0.8423604404706778 , 30067 , false
CuttingLargerAngle2 , 10 , 0.9446474651494107 , 31731 , false
CuttingLargerAngle2 , 50 , 0.9232470294826745 , 33036 , false
CuttingLargerAngle2 , 50 , 0.8228161310367026 , 59178 , false
CuttingLargerAngle2 , 50 , 0.9584998312486627 , 35904 , false
CuttingLargerAngle2 , 50 , 0.7762864613354388 , 56709 , false
CuttingLargerAngle2 , 50 , 0.7603050061501825 , 56077 , false
CuttingLargerAngle2 , 50 , 0.936213600838379 , 43010 , false
CuttingLargerAngle2 , 50 , 0.8506211308999996 , 50799 , false
CuttingLargerAngle2 , 50 , 0.8118996201206519 , 54518 , false
CuttingLargerAngle2 , 50 , 0.906471583489248 , 73730 , false
CuttingLargerAngle2 , 50 , 0.8771306815952664 , 45859 , false
CuttingLargerAngle2 , 50 , 0.8031157441795437 , 55137 , false
CuttingLargerAngle2 , 50 , 0.8469318273898505 , 48243 , false
CuttingLargerAngle2 , 50 , 0.9194675492308552 , 29795 , false
CuttingLargerAngle2 , 50 , 0.7570376701114863 , 51954 , false
CuttingLargerAngle2 , 50 , 0.841113913505508 , 56436 , false
CuttingLargerAngle2 , 50 , 0.9174326656874189 , 88595 , false
CuttingLargerAngle2 , 50 , 0.8610208238338706 , 35691 , false
CuttingLargerAngle2 , 50 , 0.893070584162501 , 45640 , false
CuttingLargerAngle2 , 50 , 0.8760528179886806 , 28628 , false
CuttingLargerAngle2 , 50 , 0.821959696567341 , 54424 , false
CuttingLargerAngle2 , 50 , 0.8476743152196656 , 51384 , false
CuttingLargerAngle2 , 50 , 0.6506414857098095 , 41064 , false
CuttingLargerAngle2 , 50 , 0.8377458868581545 , 40071 , false
CuttingLargerAngle2 , 50 , 0.9777230955481759 , 18859 , false
CuttingLargerAngle2 , 50 , 0.8198294822956134 , 49328 , false
CuttingLargerAngle2 , 50 , 0.8851449105552597 , 50499 , false
CuttingLargerAngle2 , 50 , 0.8579502960134645 , 39580 , false
CuttingLargerAngle2 , 50 , 0.8218179281851787 , 40795 , false
CuttingLargerAngle2 , 50 , 0.8978998718795129 , 88850 , false
CuttingLargerAngle2 , 50 , 0.8277300391834764 , 53073 , false
CuttingLargerAngle2 , 100 , 0.8792609829034986 , 41699 , false
CuttingLargerAngle2 , 100 , 0.7635837748539106 , 74809 , false
CuttingLargerAngle2 , 100 , 0.8193029596520564 , 56475 , false
CuttingLargerAngle2 , 100 , 0.8771267217918401 , 45663 , false
CuttingLargerAngle2 , 100 , 0.7854000788304477 , 60983 , false
CuttingLargerAngle2 , 100 , 0.8795268215771382 , 75472 , false
CuttingLargerAngle2 , 100 , 0.8152269944493328 , 61986 , false
CuttingLargerAngle2 , 100 , 0.785367871182644 , 48310 , false
CuttingLargerAngle2 , 100 , 0.8944294133533689 , 51571 , false
CuttingLargerAngle2 , 100 , 0.7632464224802625 , 63026 , false
CuttingLargerAngle2 , 100 , 0.8513654316580549 , 63454 , false
CuttingLargerAngle2 , 100 , 0.8973339736146307 , 44782 , false
CuttingLargerAngle2 , 100 , 0.9020892402178116 , 34869 , false
CuttingLargerAngle2 , 100 , 0.8202203819554502 , 54582 , false
CuttingLargerAngle2 , 100 , 0.8684112213780633 , 92567 , false
CuttingLargerAngle2 , 100 , 0.8794247489533699 , 124496 , false
CuttingLargerAngle2 , 100 , 0.7574386891619924 , 69375 , false
CuttingLargerAngle2 , 100 , 0.7783641009244796 , 59506 , false
CuttingLargerAngle2 , 100 , 0.8367246027049945 , 70578 , false
CuttingLargerAngle2 , 100 , 0.8368853850092398 , 51295 , false
CuttingLargerAngle2 , 100 , 0.889615603989731 , 37785 , false
CuttingLargerAngle2 , 100 , 0.902679957281483 , 39597 , false
CuttingLargerAngle2 , 100 , 0.8774769715562126 , 60592 , false
CuttingLargerAngle2 , 100 , 0.8374620662730459 , 65716 , false
CuttingLargerAngle2 , 100 , 0.8999683136545993 , 61091 , false
CuttingLargerAngle2 , 100 , 0.8287224593178638 , 56831 , false
CuttingLargerAngle2 , 100 , 0.8038258540567332 , 67333 , false
CuttingLargerAngle2 , 100 , 0.7857382343203074 , 59064 , false
CuttingLargerAngle2 , 100 , 0.7980235545056306 , 67322 , false
CuttingLargerAngle2 , 100 , 0.8534641604049248 , 102899 , false
CuttingLargerAngle2 , 10 , 0.883878023963648 , 40412 , false
CuttingLargerAngle2 , 10 , 0.7780409391182475 , 96104 , false
CuttingLargerAngle2 , 10 , 0.8004246147772588 , 25585 , false
CuttingLargerAngle2 , 10 , 0.6564465767998933 , 43421 , false
CuttingLargerAngle2 , 10 , 0.6604646909516682 , 30978 , false
CuttingLargerAngle2 , 10 , 0.7397795140436773 , 24808 , false
CuttingLargerAngle2 , 10 , 0.5104698223711033 , 27868 , false
CuttingLargerAngle2 , 10 , 0.9423573610840039 , 29162 , false
CuttingLargerAngle2 , 10 , 0.7773947884472094 , 54216 , false
CuttingLargerAngle2 , 10 , 0.6452997102793353 , 31142 , false
CuttingLargerAngle2 , 10 , 0.7100567274964803 , 35598 , false
CuttingLargerAngle2 , 10 , 0.7732074252038285 , 35481 , false
CuttingLargerAngle2 , 10 , 0.9328826401938078 , 26206 , false
CuttingLargerAngle2 , 10 , 0.6732991032236776 , 28796 , false
CuttingLargerAngle2 , 10 , 0.6551020736458084 , 71268 , false
CuttingLargerAngle2 , 10 , 0.7514901590949751 , 39826 , false
CuttingLargerAngle2 , 10 , 0.9847774542877646 , 23298 , false
CuttingLargerAngle2 , 10 , 0.6203154166105819 , 30402 , false
CuttingLargerAngle2 , 10 , 0.7490752059940496 , 35082 , false
CuttingLargerAngle2 , 10 , 0.7836823451040137 , 25203 , false
CuttingLargerAngle2 , 10 , 0.6720488199176438 , 29082 , false
CuttingLargerAngle2 , 10 , 0.4920778991893332 , 36075 , false
CuttingLargerAngle2 , 10 , 0.7656119698374076 , 33021 , false
CuttingLargerAngle2 , 10 , 0.5154481603221049 , 33071 , false
CuttingLargerAngle2 , 10 , 0.8274163137108692 , 29756 , false
CuttingLargerAngle2 , 10 , 0.5709832374682781 , 31711 , false
CuttingLargerAngle2 , 10 , 0.7399752192518251 , 31436 , false
CuttingLargerAngle2 , 10 , 0.4841052654339597 , 27263 , false
CuttingLargerAngle2 , 10 , 0.5688833819466357 , 20115 , false
CuttingLargerAngle2 , 10 , 0.6796957473624764 , 30922 , false
CuttingLargerAngle2 , 50 , 0.8209275525353411 , 52435 , false
CuttingLargerAngle2 , 50 , 0.794629302684931 , 43308 , false
CuttingLargerAngle2 , 50 , 0.8108451557713958 , 47893 , false
CuttingLargerAngle2 , 50 , 0.7434900458721023 , 38558 , false
CuttingLargerAngle2 , 50 , 0.7225993718117054 , 40671 , false
CuttingLargerAngle2 , 50 , 0.7683782370874391 , 167006 , false
CuttingLargerAngle2 , 50 , 0.6367089072543618 , 49983 , false
CuttingLargerAngle2 , 50 , 0.775227577816931 , 43220 , false
CuttingLargerAngle2 , 50 , 0.8621388988512203 , 47910 , false
CuttingLargerAngle2 , 50 , 0.7489758851806884 , 61153 , false
CuttingLargerAngle2 , 50 , 0.6572541450029499 , 58122 , false
CuttingLargerAngle2 , 50 , 0.4810094251730507 , 36815 , false
CuttingLargerAngle2 , 50 , 0.7964715545233362 , 54499 , false
CuttingLargerAngle2 , 50 , 0.9263665577254362 , 39399 , false
CuttingLargerAngle2 , 50 , 0.7454855195911414 , 325451 , false
CuttingLargerAngle2 , 50 , 0.8330182514413544 , 40356 , false
CuttingLargerAngle2 , 50 , 0.722631403404672 , 41191 , false
CuttingLargerAngle2 , 50 , 0.7199823089653599 , 55172 , false
CuttingLargerAngle2 , 50 , 0.654562433844511 , 41435 , false
CuttingLargerAngle2 , 50 , 0.7465562842282242 , 45921 , false
CuttingLargerAngle2 , 50 , 0.8082161805082042 , 39585 , false
CuttingLargerAngle2 , 50 , 0.7346887221843804 , 127705 , false
CuttingLargerAngle2 , 50 , 0.765039133881114 , 53816 , false
CuttingLargerAngle2 , 50 , 0.6713850488356856 , 107512 , false
CuttingLargerAngle2 , 50 , 0.7497521661493689 , 56688 , false
CuttingLargerAngle2 , 50 , 0.7670775691629664 , 66208 , false
CuttingLargerAngle2 , 50 , 0.7272044006211841 , 81531 , false
CuttingLargerAngle2 , 50 , 0.7359699598640471 , 66683 , false
CuttingLargerAngle2 , 50 , 0.9012934025573047 , 30639 , false
CuttingLargerAngle2 , 50 , 0.8318111986747362 , 37179 , false
CuttingLargerAngle2 , 100 , 0.6506717285422092 , 47687 , false
CuttingLargerAngle2 , 100 , 0.7823378920167238 , 51910 , false
CuttingLargerAngle2 , 100 , 0.8330430478349307 , 51771 , false
CuttingLargerAngle2 , 100 , 0.8402133039721567 , 60768 , false
CuttingLargerAngle2 , 100 , 0.7782039335537833 , 69894 , false
CuttingLargerAngle2 , 100 , 0.8041598148068151 , 57032 , false
CuttingLargerAngle2 , 100 , 0.8243990121919307 , 39699 , false
CuttingLargerAngle2 , 100 , 0.8069388081032917 , 33837 , false
CuttingLargerAngle2 , 100 , 0.8389941552089061 , 47520 , false
CuttingLargerAngle2 , 100 , 0.9006048495811475 , 31124 , false
CuttingLargerAngle2 , 100 , 0.8836455658021871 , 42851 , false
CuttingLargerAngle2 , 100 , 0.7762059600313227 , 36952 , false
CuttingLargerAngle2 , 100 , 0.7608313342111434 , 63718 , false
CuttingLargerAngle2 , 100 , 0.8782485068886905 , 48943 , false
CuttingLargerAngle2 , 100 , 0.8094175810604967 , 46724 , false
CuttingLargerAngle2 , 100 , 0.8241449440294009 , 55879 , false
CuttingLargerAngle2 , 100 , 0.8189281355479353 , 44951 , false
CuttingLargerAngle2 , 100 , 0.897049777517663 , 48307 , false
CuttingLargerAngle2 , 100 , 0.7920114686381452 , 65287 , false
CuttingLargerAngle2 , 100 , 0.8521024501908862 , 36860 , false
CuttingLargerAngle2 , 100 , 0.718255225503712 , 67504 , false
CuttingLargerAngle2 , 100 , 0.8463206071659629 , 82731 , false
CuttingLargerAngle2 , 100 , 0.6990280529164354 , 67188 , false
CuttingLargerAngle2 , 100 , 0.9646312776764548 , 92730 , false
CuttingLargerAngle2 , 100 , 0.9338262522599636 , 32088 , false
CuttingLargerAngle2 , 100 , 0.7305950500263296 , 77896 , false
CuttingLargerAngle2 , 100 , 0.6670582458260935 , 61967 , false
CuttingLargerAngle2 , 100 , 0.7512937883312659 , 63057 , false
CuttingLargerAngle2 , 100 , 0.7401810413013546 , 53362 , false
CuttingLargerAngle2 , 100 , 0.757998924514351 , 52540 , false
DistanceFromG , 10 , 0.4440553467714383 , 4248546 , false
DistanceFromG , 10 , 0.4279921450613348 , 184546 , false
DistanceFromG , 10 , 0.5659686796547313 , 251662 , false
DistanceFromG , 10 , 1.0 , 392670 , false
DistanceFromG , 10 , 0.3690205011389522 , 160307 , false
DistanceFromG , 10 , 0.22768558054907484 , 198712 , false
DistanceFromG , 10 , 0.771718249733191 , 145501 , false
DistanceFromG , 10 , 0.15111955713459474 , 120701 , false
DistanceFromG , 10 , 0.7084878403894715 , 170967 , false
DistanceFromG , 10 , 0.3830280992712814 , 187575 , false
DistanceFromG , 10 , 0.8080694287979305 , 164691 , false
DistanceFromG , 10 , 0.14733665704539492 , 116012 , false
DistanceFromG , 10 , 0.5890720640922251 , 144089 , false
DistanceFromG , 10 , 0.3377817319098458 , 112400 , false
DistanceFromG , 10 , 0.7594538368357298 , 93349 , false
DistanceFromG , 10 , 0.4876466301511554 , 85291 , false
DistanceFromG , 10 , 0.6824801342324374 , 416593 , false
DistanceFromG , 10 , 0.25226140309939193 , 113919 , false
DistanceFromG , 10 , 1.0 , 647462 , false
DistanceFromG , 10 , 0.6863398684495108 , 110806 , false
DistanceFromG , 10 , 0.7045349332444494 , 116404 , false
DistanceFromG , 10 , 0.8906016907011437 , 121077 , false
DistanceFromG , 10 , 0.6226162251314298 , 96444 , false
DistanceFromG , 10 , 0.30616039924981725 , 105631 , false
DistanceFromG , 10 , 0.568558365840359 , 101847 , false
DistanceFromG , 10 , 0.10756680731364275 , 83082 , false
DistanceFromG , 10 , 0.9238278980033007 , 109874 , false
DistanceFromG , 10 , 0.09102714344534887 , 89687 , false
DistanceFromG , 10 , 0.688820344094866 , 86358 , false
DistanceFromG , 10 , 0.48582310622090563 , 101613 , false
DistanceFromG , 50 , 0.1025449994039814 , 260864 , false
DistanceFromG , 50 , 0.45645726197683956 , 271961 , false
DistanceFromG , 50 , 0.7271161704611793 , 877221 , false
DistanceFromG , 50 , 0.06018340261352653 , 257917 , false
DistanceFromG , 50 , 0.822766084650407 , 262741 , false
DistanceFromG , 50 , 0.41659634567725773 , 308397 , false
DistanceFromG , 50 , 0.46362156140200533 , 266997 , false
DistanceFromG , 50 , 0.6725540052870798 , 228769 , false
DistanceFromG , 50 , 0.6550927244468675 , 247495 , false
DistanceFromG , 50 , 0.568280735141231 , 219860 , false
DistanceFromG , 50 , 0.45637892732465885 , 226942 , false
DistanceFromG , 50 , 0.05261288057173545 , 217712 , false
DistanceFromG , 50 , 0.00980743644287228 , 242089 , false
DistanceFromG , 50 , 0.5005616999731017 , 223939 , false
DistanceFromG , 50 , 0.09587966746745259 , 177869 , false
DistanceFromG , 50 , 0.161765120276528 , 184250 , false
DistanceFromG , 50 , 0.8347816990939667 , 220533 , false
DistanceFromG , 50 , 0.06456337936478228 , 196425 , false
DistanceFromG , 50 , 0.06485287401317935 , 195534 , false
DistanceFromG , 50 , 0.06196828296369408 , 352431 , false
DistanceFromG , 50 , 0.5423339495946281 , 248414 , false
DistanceFromG , 50 , 0.09179703331442003 , 210724 , false
DistanceFromG , 50 , 0.7505587047981214 , 189042 , false
DistanceFromG , 50 , 0.5764207842303983 , 285930 , false
DistanceFromG , 50 , 0.16269565820983584 , 187958 , false
DistanceFromG , 50 , 0.3810712799476844 , 181409 , false
DistanceFromG , 50 , 0.48401264933239635 , 1793512 , false
DistanceFromG , 50 , 0.04365170633441458 , 219105 , false
DistanceFromG , 50 , 0.06675734046766757 , 267169 , false
DistanceFromG , 50 , 0.4516245232930563 , 211380 , false
DistanceFromG , 100 , 0.40774321492153875 , 381236 , false
DistanceFromG , 100 , 0.6572923891796456 , 394683 , false
DistanceFromG , 100 , 0.2698419724669116 , 391631 , false
DistanceFromG , 100 , 0.4639369729249889 , 648936 , false
DistanceFromG , 100 , 0.015811353711790394 , 393504 , false
DistanceFromG , 100 , 0.40869296528993715 , 400625 , false
DistanceFromG , 100 , 0.029827951852575654 , 594705 , false
DistanceFromG , 100 , 0.10015139829177022 , 389684 , false
DistanceFromG , 100 , 0.036560546591074286 , 382147 , false
DistanceFromG , 100 , 0.01914484989386435 , 393364 , false
DistanceFromG , 100 , 0.49276384731820577 , 409203 , false
DistanceFromG , 100 , 0.06916157960131813 , 2910740 , false
DistanceFromG , 100 , 0.3651849259129623 , 569599 , false
DistanceFromG , 100 , 0.8826139063518429 , 426198 , false
DistanceFromG , 100 , 0.04303799269891195 , 372500 , false
DistanceFromG , 100 , 0.022251635436301143 , 365784 , false
DistanceFromG , 100 , 0.04471484824944416 , 352736 , false
DistanceFromG , 100 , 0.8431057957681692 , 378406 , false
DistanceFromG , 100 , 0.013584739690849631 , 353607 , false
DistanceFromG , 100 , 0.07646987119580675 , 300433 , false
DistanceFromG , 100 , 0.01332824768087051 , 325170 , false
DistanceFromG , 100 , 0.6355125549076981 , 282107 , false
DistanceFromG , 100 , 0.491643169167385 , 395863 , false
DistanceFromG , 100 , 0.08101673755570717 , 256032 , false
DistanceFromG , 100 , 0.05418250950570342 , 293003 , false
DistanceFromG , 100 , 0.4896632732967893 , 275052 , false
DistanceFromG , 100 , 0.027404830286190177 , 274517 , false
DistanceFromG , 100 , 0.029553512664274643 , 294673 , false
DistanceFromG , 100 , 0.2683983620267036 , 289549 , false
DistanceFromG , 100 , 0.4720588439772522 , 253923 , false
DistanceFromG , 10 , 0.8997292483811524 , 200633 , false
DistanceFromG , 10 , 0.43577385050875983 , 145460 , false
DistanceFromG , 10 , 0.819726738934056 , 85306 , false
DistanceFromG , 10 , 0.9021798569019208 , 66094 , false
DistanceFromG , 10 , 0.48900813188028985 , 160947 , false
DistanceFromG , 10 , 0.7756803991384874 , 70904 , false
DistanceFromG , 10 , 0.2590223710856539 , 60518 , false
DistanceFromG , 10 , 0.619865998085687 , 67492 , false
DistanceFromG , 10 , 0.620184549178632 , 68703 , false
DistanceFromG , 10 , 1.0 , 64270 , false
DistanceFromG , 10 , 0.7251718205777917 , 65818 , false
DistanceFromG , 10 , 0.7174543152704436 , 60003 , false
DistanceFromG , 10 , 0.4337965130581765 , 70001 , false
DistanceFromG , 10 , 0.6817264597803692 , 64427 , false
DistanceFromG , 10 , 0.7889366701233529 , 97240 , false
DistanceFromG , 10 , 0.478203915290008 , 147420 , false
DistanceFromG , 10 , 0.8996902792116703 , 76009 , false
DistanceFromG , 10 , 0.8152973974535502 , 65411 , false
DistanceFromG , 10 , 0.6296324480633133 , 92551 , false
DistanceFromG , 10 , 0.8512584576671148 , 67513 , false
DistanceFromG , 10 , 0.571001875641434 , 65288 , false
DistanceFromG , 10 , 0.9427665300195964 , 93357 , false
DistanceFromG , 10 , 0.7188731511863736 , 61062 , false
DistanceFromG , 10 , 0.9755479470520044 , 72642 , false
DistanceFromG , 10 , 0.9123520358723946 , 67522 , false
DistanceFromG , 10 , 0.5287507488070728 , 69102 , false
DistanceFromG , 10 , 0.7971108959673322 , 73415 , false
DistanceFromG , 10 , 0.4788611611354086 , 74941 , false
DistanceFromG , 10 , 0.8624703307982352 , 98378 , false
DistanceFromG , 10 , 0.7988035909339158 , 66675 , false
DistanceFromG , 50 , 0.5461079007429709 , 177813 , false
DistanceFromG , 50 , 0.07317407104605358 , 241569 , false
DistanceFromG , 50 , 0.44676025798457847 , 243044 , false
DistanceFromG , 50 , 0.1895041056929217 , 325844 , false
DistanceFromG , 50 , 0.17624028361922797 , 138233 , false
DistanceFromG , 50 , 0.5321126158903237 , 153550 , false
DistanceFromG , 50 , 0.11813526735575733 , 149580 , false
DistanceFromG , 50 , 0.15378526645768026 , 171392 , false
DistanceFromG , 50 , 0.4885386920749809 , 129510 , false
DistanceFromG , 50 , 0.4644134633839926 , 130602 , false
DistanceFromG , 50 , 0.15346325824685733 , 147341 , false
DistanceFromG , 50 , 0.0731067115515902 , 160560 , false
DistanceFromG , 50 , 0.571247524459815 , 148051 , false
DistanceFromG , 50 , 0.26439613898564573 , 227546 , false
DistanceFromG , 50 , 0.1536776005401353 , 172430 , false
DistanceFromG , 50 , 0.5229338674078313 , 135388 , false
DistanceFromG , 50 , 0.48042783814261525 , 222417 , false
DistanceFromG , 50 , 0.07240021199430526 , 137269 , false
DistanceFromG , 50 , 0.1655755381122188 , 137517 , false
DistanceFromG , 50 , 0.26453848636059657 , 187712 , false
DistanceFromG , 50 , 0.07846902253162422 , 140834 , false
DistanceFromG , 50 , 0.6483988680680663 , 134066 , false
DistanceFromG , 50 , 0.5983138786502242 , 153812 , false
DistanceFromG , 50 , 0.9772722491722168 , 159451 , false
DistanceFromG , 50 , 0.4112202672394731 , 182850 , false
DistanceFromG , 50 , 0.08749706015377658 , 195287 , false
DistanceFromG , 50 , 0.5696283024451892 , 216592 , false
DistanceFromG , 50 , 0.16224631087549946 , 198647 , false
DistanceFromG , 50 , 0.31668536329698216 , 417958 , false
DistanceFromG , 50 , 0.4592673310336957 , 138903 , false
DistanceFromG , 100 , 0.49584861459787805 , 213352 , false
DistanceFromG , 100 , 0.10548721144353501 , 203332 , false
DistanceFromG , 100 , 0.05302438415297622 , 257791 , false
DistanceFromG , 100 , 0.052407640235543146 , 250760 , false
DistanceFromG , 100 , 0.09656850097674247 , 261783 , false
DistanceFromG , 100 , 0.06877320800715882 , 896192 , false
DistanceFromG , 100 , 0.5895249170866176 , 274453 , false
DistanceFromG , 100 , 0.07046279034144191 , 219112 , false
DistanceFromG , 100 , 0.44013779949581944 , 330160 , false
DistanceFromG , 100 , 0.38125786645933496 , 309378 , false
DistanceFromG , 100 , 0.02344183979557827 , 1134274 , false
DistanceFromG , 100 , 0.05922005989630854 , 1124575 , false
DistanceFromG , 100 , 0.4471612852466194 , 278235 , false
DistanceFromG , 100 , 0.027778739912022444 , 282138 , false
DistanceFromG , 100 , 0.42407156256563044 , 242689 , false
DistanceFromG , 100 , 0.13549448730034835 , 601767 , false
DistanceFromG , 100 , 0.18538251366120218 , 397567 , false
DistanceFromG , 100 , 0.052751104196842084 , 252925 , false
DistanceFromG , 100 , 0.05909592061742006 , 266111 , false
DistanceFromG , 100 , 0.42578740692428935 , 236417 , false
DistanceFromG , 100 , 0.45988197261074193 , 344081 , false
DistanceFromG , 100 , 0.11981720514039582 , 231847 , false
DistanceFromG , 100 , 0.4639608066998577 , 360676 , false
DistanceFromG , 100 , 0.42644148911692975 , 274964 , false
DistanceFromG , 100 , 0.08178365364659002 , 340797 , false
DistanceFromG , 100 , 0.09148648082748223 , 221733 , false
DistanceFromG , 100 , 0.43547804476296437 , 210010 , false
DistanceFromG , 100 , 0.07185097575399173 , 490268 , false
DistanceFromG , 100 , 0.06130257187712183 , 228608 , false
DistanceFromG , 100 , 0.10010911383706926 , 247337 , false
DistanceFromG , 10 , 0.21756688993158782 , 34007 , false
DistanceFromG , 10 , 0.7721138454731198 , 33037 , false
DistanceFromG , 10 , 0.8226696597492477 , 40407 , false
DistanceFromG , 10 , 0.049674092447710254 , 37854 , false
DistanceFromG , 10 , 0.17569362911697461 , 37182 , false
DistanceFromG , 10 , 0.059250648875017915 , 34742 , false
DistanceFromG , 10 , 0.1504993773666421 , 37933 , false
DistanceFromG , 10 , 0.02886709692960885 , 33701 , false
DistanceFromG , 10 , 0.8401892225421638 , 51442 , false
DistanceFromG , 10 , 0.3629651001260926 , 70123 , false
DistanceFromG , 10 , 0.6320214685436377 , 47639 , false
DistanceFromG , 10 , 0.19017461950052583 , 58936 , false
DistanceFromG , 10 , 0.9319707682252986 , 32641 , false
DistanceFromG , 10 , 0.65380206343141 , 35222 , false
DistanceFromG , 10 , 0.038554598075527184 , 37478 , false
DistanceFromG , 10 , 0.38376831482674656 , 33853 , false
DistanceFromG , 10 , 0.9864684065236168 , 43037 , false
DistanceFromG , 10 , 0.008855298582503487 , 576703 , false
DistanceFromG , 10 , 0.09776576750470492 , 36340 , false
DistanceFromG , 10 , 0.7850951033420497 , 130203 , false
DistanceFromG , 10 , 0.15909347801514637 , 42151 , false
DistanceFromG , 10 , 0.1426899268429938 , 41884 , false
DistanceFromG , 10 , 0.2291818544114931 , 69202 , false
DistanceFromG , 10 , 0.14245585874799357 , 27360 , false
DistanceFromG , 10 , 0.8171173992544476 , 27814 , false
DistanceFromG , 10 , 0.09877456419360406 , 44099 , false
DistanceFromG , 10 , 0.2591875650063562 , 78043 , false
DistanceFromG , 10 , 0.46014239538743773 , 36683 , false
DistanceFromG , 10 , 0.1292495840041126 , 42833 , false
DistanceFromG , 10 , 0.6626202509722419 , 33882 , false
DistanceFromG , 50 , 0.019893069048705744 , 66245 , false
DistanceFromG , 50 , 0.008726434510578744 , 65571 , false
DistanceFromG , 50 , 0.04849699398797595 , 127609 , false
DistanceFromG , 50 , 0.0924747386407976 , 67763 , false
DistanceFromG , 50 , 0.07939735650244939 , 75417 , false
DistanceFromG , 50 , 0.005675860218987003 , 187602 , false
DistanceFromG , 50 , 0.0022498615469817244 , 58239 , false
DistanceFromG , 50 , 0.07163874214517144 , 157945 , false
DistanceFromG , 50 , 0.01500677529612426 , 91350 , false
DistanceFromG , 50 , 2.372276001133421E-4 , 64234 , false
DistanceFromG , 50 , 0.004164860235534929 , 73391 , false
DistanceFromG , 50 , 0.0012439556513862131 , 67037 , false
DistanceFromG , 50 , 0.02561549813769355 , 62225 , false
DistanceFromG , 50 , 0.03486153829040529 , 67122 , false
DistanceFromG , 50 , 0.005321232697832332 , 432754 , false
DistanceFromG , 50 , 0.004277468258704116 , 129932 , false
DistanceFromG , 50 , 0.0037491337901788095 , 60200 , false
DistanceFromG , 50 , 0.006241949866243932 , 147411 , false
DistanceFromG , 50 , 0.046808341239774155 , 393039 , false
DistanceFromG , 50 , 0.14481101014091927 , 117382 , false
DistanceFromG , 50 , 0.012922741707424492 , 93624 , false
DistanceFromG , 50 , 0.05817594616499251 , 63275 , false
DistanceFromG , 50 , 0.00250721027792344 , 54165 , false
DistanceFromG , 50 , 0.7308492892887184 , 55779 , false
DistanceFromG , 50 , 0.06621913617713467 , 207078 , false
DistanceFromG , 50 , 0.0673816115401428 , 73973 , false
DistanceFromG , 50 , 3.8107851466839923E-4 , 57848 , false
DistanceFromG , 50 , 0.001126806852394171 , 70987 , false
DistanceFromG , 50 , 0.0626172286695923 , 120208 , false
DistanceFromG , 50 , 0.2000573117421646 , 93798 , false
DistanceFromG , 100 , 0.0025328478708247586 , 101753 , false
DistanceFromG , 100 , 0.02009272722284711 , 104476 , false
DistanceFromG , 100 , 0.003278156818682019 , 111451 , false
DistanceFromG , 100 , 0.008467847167852165 , 114387 , false
DistanceFromG , 100 , 0.007113465506630788 , 105217 , false
DistanceFromG , 100 , 0.08412116869307938 , 136106 , false
DistanceFromG , 100 , 0.022166945496169762 , 383549 , false
DistanceFromG , 100 , 0.8592659086375424 , 401692 , false
DistanceFromG , 100 , 0.006247164152676486 , 119313 , false
DistanceFromG , 100 , 0.002748050671373355 , 85174 , false
DistanceFromG , 100 , 0.0030706520270087634 , 292918 , false
DistanceFromG , 100 , 0.13498046335398825 , 1950375 , false
DistanceFromG , 100 , 2.7855978663505706E-4 , 92032 , false
DistanceFromG , 100 , 0.04435778698513283 , 84112 , false
DistanceFromG , 100 , 3.193938125708999E-4 , 168709 , false
DistanceFromG , 100 , 0.046051280343275214 , 204256 , false
DistanceFromG , 100 , 0.09927851648679267 , 174550 , false
DistanceFromG , 100 , 0.014619899558804422 , 107102 , false
DistanceFromG , 100 , 0.008528116678559619 , 109675 , false
DistanceFromG , 100 , 0.0011262918397609318 , 109419 , false
DistanceFromG , 100 , 0.0014127324749642347 , 84615 , false
DistanceFromG , 100 , 0.004084495643024793 , 113252 , false
DistanceFromG , 100 , 2.757875746206484E-4 , 99605 , false
DistanceFromG , 100 , 0.007459855154944037 , 97937 , false
DistanceFromG , 100 , 0.004861696812768266 , 162611 , false
DistanceFromG , 100 , 0.0022142136370188843 , 173578 , false
DistanceFromG , 100 , 0.002865280837160314 , 88060 , false
DistanceFromG , 100 , 0.004033212036546759 , 77536 , false
DistanceFromG , 100 , 0.034319573464806886 , 100813 , false
DistanceFromG , 100 , 0.0039018334183164474 , 122504 , false
CuttingEdges , 10 , 0.9852869912371078 , 178855 , false
CuttingEdges , 10 , 0.9273249453645144 , 72258 , false
CuttingEdges , 10 , 0.8549586794226082 , 87378 , false
CuttingEdges , 10 , 1.0 , 8560 , false
CuttingEdges , 10 , 0.8874172551308585 , 100502 , false
CuttingEdges , 10 , 0.9796027781673833 , 55270 , false
CuttingEdges , 10 , 0.9221699304792205 , 75699 , false
CuttingEdges , 10 , 0.9742193330235142 , 30231 , false
CuttingEdges , 10 , 0.8693748246744023 , 49034 , false
CuttingEdges , 10 , 0.9251999053426767 , 33650 , false
CuttingEdges , 10 , 0.9662801802067027 , 71951 , false
CuttingEdges , 10 , 0.9941020055798142 , 52822 , false
CuttingEdges , 10 , 0.9461637877359964 , 68977 , false
CuttingEdges , 10 , 0.9713920471170011 , 58117 , false
CuttingEdges , 10 , 0.934845309099725 , 157598 , false
CuttingEdges , 10 , 0.8273324285467947 , 176127 , false
CuttingEdges , 10 , 0.9359373344463935 , 57089 , false
CuttingEdges , 10 , 0.8871405964026754 , 93473 , false
CuttingEdges , 10 , 1.0 , 14515 , false
CuttingEdges , 10 , 0.86881792722199 , 56813 , false
CuttingEdges , 10 , 0.911838226392026 , 34719 , false
CuttingEdges , 10 , 0.9722667929568652 , 29452 , false
CuttingEdges , 10 , 0.8997690381049565 , 34016 , false
CuttingEdges , 10 , 0.9632850254165346 , 51283 , false
CuttingEdges , 10 , 0.9925395509187551 , 44099 , false
CuttingEdges , 10 , 0.9799613579019292 , 35684 , false
CuttingEdges , 10 , 0.9833286874190745 , 88445 , false
CuttingEdges , 10 , 0.9914601624642654 , 61964 , false
CuttingEdges , 10 , 0.8756589806530743 , 31572 , false
CuttingEdges , 10 , 0.9025742812317435 , 44836 , false
CuttingEdges , 50 , 0.9293476927555355 , 118432 , false
CuttingEdges , 50 , 0.954312226109897 , 89781 , false
CuttingEdges , 50 , 0.9815937201950035 , 85801 , false
CuttingEdges , 50 , 0.9001352954689151 , 177444 , false
CuttingEdges , 50 , 0.9100566908226065 , 79800 , false
CuttingEdges , 50 , 0.9004210035733183 , 121219 , false
CuttingEdges , 50 , 0.9051981727959394 , 69057 , false
CuttingEdges , 50 , 0.9572582061630733 , 87669 , false
CuttingEdges , 50 , 0.9085214310847031 , 245673 , false
CuttingEdges , 50 , 0.8844381953295557 , 130540 , false
CuttingEdges , 50 , 0.8897660086490906 , 85108 , false
CuttingEdges , 50 , 0.9481794580998338 , 119637 , false
CuttingEdges , 50 , 0.8934680041325421 , 111016 , false
CuttingEdges , 50 , 0.9076243988594898 , 114835 , false
CuttingEdges , 50 , 0.887499990463856 , 114698 , false
CuttingEdges , 50 , 0.9393918906506343 , 41460 , false
CuttingEdges , 50 , 0.953508017974124 , 35593 , false
CuttingEdges , 50 , 0.9364623032095134 , 59178 , false
CuttingEdges , 50 , 0.9532270835123423 , 49789 , false
CuttingEdges , 50 , 0.948149067395356 , 66941 , false
CuttingEdges , 50 , 0.9186883785517094 , 75728 , false
CuttingEdges , 50 , 0.9069105803211743 , 87515 , false
CuttingEdges , 50 , 0.9571025931036374 , 418343 , false
CuttingEdges , 50 , 0.9586543590028603 , 101113 , false
CuttingEdges , 50 , 0.8647045115312186 , 113844 , false
CuttingEdges , 50 , 0.888336678166633 , 93515 , false
CuttingEdges , 50 , 0.8687381690403109 , 95440 , false
CuttingEdges , 50 , 0.8874288280515054 , 90650 , false
CuttingEdges , 50 , 0.928203108009256 , 64537 , false
CuttingEdges , 50 , 0.9668191779153182 , 144008 , false
CuttingEdges , 100 , 0.20273895125124836 , 253102 , false
CuttingEdges , 100 , 0.9333009473981668 , 165861 , false
CuttingEdges , 100 , 0.9082269293408621 , 239243 , false
CuttingEdges , 100 , 0.9377560615070236 , 233104 , false
CuttingEdges , 100 , 0.9594139619325385 , 101812 , false
CuttingEdges , 100 , 0.9559472501384929 , 85601 , false
CuttingEdges , 100 , 0.9563338228209654 , 154690 , false
CuttingEdges , 100 , 0.9586011221363921 , 122142 , false
CuttingEdges , 100 , 0.9607512747008279 , 140705 , false
CuttingEdges , 100 , 0.9626043975529118 , 177945 , false
CuttingEdges , 100 , 0.9594594848614209 , 113393 , false
CuttingEdges , 100 , 0.9201502747282978 , 90565 , false
CuttingEdges , 100 , 0.9622697653021162 , 78059 , false
CuttingEdges , 100 , 0.9770477784121986 , 69401 , false
CuttingEdges , 100 , 0.9317213421511843 , 98156 , false
CuttingEdges , 100 , 0.9441752206489926 , 203835 , false
CuttingEdges , 100 , 0.9820338925809307 , 117434 , false
CuttingEdges , 100 , 0.9567938634480916 , 95119 , false
CuttingEdges , 100 , 0.9293321749092718 , 190179 , false
CuttingEdges , 100 , 0.9702832728160259 , 127868 , false
CuttingEdges , 100 , 0.9392800349905313 , 113377 , false
CuttingEdges , 100 , 0.961646367056508 , 72472 , false
CuttingEdges , 100 , 0.9617182256889245 , 44172 , false
CuttingEdges , 100 , 0.9304443252952549 , 83257 , false
CuttingEdges , 100 , 0.9300423657224461 , 136897 , false
CuttingEdges , 100 , 0.9458916085395047 , 112141 , false
CuttingEdges , 100 , 0.7951048709963809 , 174713 , false
CuttingEdges , 100 , 0.9561776122706832 , 173299 , false
CuttingEdges , 100 , 0.9331361729748077 , 102940 , false
CuttingEdges , 100 , 0.974294244870521 , 105144 , false
CuttingEdges , 10 , 0.9290012609657886 , 37813 , false
CuttingEdges , 10 , 0.9178601546195042 , 43521 , false
CuttingEdges , 10 , 0.9523649447978282 , 24035 , false
CuttingEdges , 10 , 0.9329537989890528 , 36025 , false
CuttingEdges , 10 , 0.9912027336623352 , 43033 , false
CuttingEdges , 10 , 0.8235492153681635 , 31823 , false
CuttingEdges , 10 , 0.9045565827068213 , 66835 , false
CuttingEdges , 10 , 0.9913540441075746 , 23234 , false
CuttingEdges , 10 , 0.9710027385374767 , 37973 , false
CuttingEdges , 10 , 1.0 , 6075 , false
CuttingEdges , 10 , 0.9366237327915692 , 41417 , false
CuttingEdges , 10 , 0.9641696571439173 , 56414 , false
CuttingEdges , 10 , 0.846365234185252 , 43465 , false
CuttingEdges , 10 , 0.9349637900520147 , 48720 , false
CuttingEdges , 10 , 0.9552845947861475 , 44846 , false
CuttingEdges , 10 , 0.8736981708738502 , 34874 , false
CuttingEdges , 10 , 0.9484773133233197 , 33643 , false
CuttingEdges , 10 , 0.9949344138477128 , 36874 , false
CuttingEdges , 10 , 0.8913679275753694 , 33931 , false
CuttingEdges , 10 , 0.8784107814622032 , 34141 , false
CuttingEdges , 10 , 0.8422600588239944 , 33242 , false
CuttingEdges , 10 , 0.9499388291996922 , 49003 , false
CuttingEdges , 10 , 0.9279635660293823 , 57212 , false
CuttingEdges , 10 , 0.9867123217568511 , 32299 , false
CuttingEdges , 10 , 0.947797115422064 , 25026 , false
CuttingEdges , 10 , 0.9326609736206578 , 36231 , false
CuttingEdges , 10 , 0.908769335801526 , 40143 , false
CuttingEdges , 10 , 0.8930609493538441 , 63471 , false
CuttingEdges , 10 , 0.9561074806223381 , 55938 , false
CuttingEdges , 10 , 0.9568667376486326 , 51246 , false
CuttingEdges , 50 , 0.9617441686850099 , 79552 , false
CuttingEdges , 50 , 0.8914571906147876 , 93316 , false
CuttingEdges , 50 , 0.974832153464054 , 62461 , false
CuttingEdges , 50 , 0.8774751595456597 , 133881 , false
CuttingEdges , 50 , 0.818924980087428 , 114965 , false
CuttingEdges , 50 , 0.9699005448285462 , 72232 , false
CuttingEdges , 50 , 0.8583536732300912 , 119869 , false
CuttingEdges , 50 , 0.9567528907679637 , 79654 , false
CuttingEdges , 50 , 0.9670626221303442 , 124949 , false
CuttingEdges , 50 , 0.9840980451823178 , 91682 , false
CuttingEdges , 50 , 2.070180825262959E-5 , 112184 , false
CuttingEdges , 50 , 0.9378454052281884 , 103079 , false
CuttingEdges , 50 , 0.9685424015841814 , 60943 , false
CuttingEdges , 50 , 0.8655760987690598 , 112931 , false
CuttingEdges , 50 , 0.9530227555567524 , 68298 , false
CuttingEdges , 50 , 0.97664926600354 , 95116 , false
CuttingEdges , 50 , 0.940054106551281 , 94092 , false
CuttingEdges , 50 , 0.9573004750240119 , 83152 , false
CuttingEdges , 50 , 0.9349186919835052 , 48583 , false
CuttingEdges , 50 , 0.905010713023815 , 103325 , false
CuttingEdges , 50 , 0.9179517006451274 , 94650 , false
CuttingEdges , 50 , 0.9180627257533809 , 80382 , false
CuttingEdges , 50 , 0.950448195697563 , 84030 , false
CuttingEdges , 50 , 0.977049019886236 , 26817 , false
CuttingEdges , 50 , 0.9039437151140615 , 105706 , false
CuttingEdges , 50 , 0.9543981292560684 , 90864 , false
CuttingEdges , 50 , 0.9305386861171809 , 55600 , false
CuttingEdges , 50 , 0.8863919606099588 , 206980 , false
CuttingEdges , 50 , 0.9585278172688848 , 109016 , false
CuttingEdges , 50 , 0.8961488091618617 , 179217 , false
CuttingEdges , 100 , 0.8967317620945017 , 92712 , false
CuttingEdges , 100 , 0.9477127821693635 , 156040 , false
CuttingEdges , 100 , 0.9566170400185443 , 130600 , false
CuttingEdges , 100 , 0.9742334092870327 , 137746 , false
CuttingEdges , 100 , 0.925020539988646 , 111754 , false
CuttingEdges , 100 , 0.9596110549498306 , 151826 , false
CuttingEdges , 100 , 0.9445990716872468 , 67866 , false
CuttingEdges , 100 , 0.9128056419609224 , 152481 , false
CuttingEdges , 100 , 0.9489991866291198 , 97025 , false
CuttingEdges , 100 , 0.9601065717239327 , 200687 , false
CuttingEdges , 100 , 0.9358672467816802 , 134161 , false
CuttingEdges , 100 , 0.9768518186471419 , 144445 , false
CuttingEdges , 100 , 0.9726131440473117 , 64863 , false
CuttingEdges , 100 , 0.8987802735732137 , 96030 , false
CuttingEdges , 100 , 0.9486945174008122 , 124427 , false
CuttingEdges , 100 , 0.9752739999883022 , 140470 , false
CuttingEdges , 100 , 0.9376875224245046 , 135722 , false
CuttingEdges , 100 , 0.9482140981659042 , 99896 , false
CuttingEdges , 100 , 0.9577011348943077 , 78696 , false
CuttingEdges , 100 , 0.9689735574859428 , 90822 , false
CuttingEdges , 100 , 0.9808699346688659 , 76422 , false
CuttingEdges , 100 , 0.9789089304275116 , 77395 , false
CuttingEdges , 100 , 0.9393159633178387 , 136367 , false
CuttingEdges , 100 , 0.9241074623393721 , 181516 , false
CuttingEdges , 100 , 0.9388578912436725 , 108950 , false
CuttingEdges , 100 , 0.9557704964211192 , 521226 , false
CuttingEdges , 100 , 0.9280412018484655 , 142857 , false
CuttingEdges , 100 , 0.9001820073662471 , 109442 , false
CuttingEdges , 100 , 0.9488140351922881 , 137908 , false
CuttingEdges , 100 , 0.952481715783102 , 96024 , false
CuttingEdges , 10 , 0.9677296952025013 , 35464 , false
CuttingEdges , 10 , 0.9176911478281813 , 39964 , false
CuttingEdges , 10 , 0.8765024500593327 , 57487 , false
CuttingEdges , 10 , 0.7560531410724309 , 168848 , false
CuttingEdges , 10 , 0.910901681204071 , 54484 , false
CuttingEdges , 10 , 0.8332905008394378 , 42499 , false
CuttingEdges , 10 , 0.825848623109226 , 49594 , false
CuttingEdges , 10 , 0.9910135663604006 , 64295 , false
CuttingEdges , 10 , 0.8868035280289411 , 45383 , false
CuttingEdges , 10 , 0.7045531327069743 , 51879 , false
CuttingEdges , 10 , 0.7787691850326393 , 64011 , false
CuttingEdges , 10 , 0.8968052308901402 , 57200 , false
CuttingEdges , 10 , 0.9693555755173611 , 42058 , false
CuttingEdges , 10 , 0.685042633581939 , 54069 , false
CuttingEdges , 10 , 0.6468137507496757 , 219468 , false
CuttingEdges , 10 , 0.8819937721998019 , 76438 , false
CuttingEdges , 10 , 0.9936320474663731 , 36367 , false
CuttingEdges , 10 , 0.7134229432215337 , 54509 , false
CuttingEdges , 10 , 0.8090221455495126 , 62604 , false
CuttingEdges , 10 , 0.813036902698584 , 37550 , false
CuttingEdges , 10 , 0.9005999668439414 , 60573 , false
CuttingEdges , 10 , 0.6417938794768957 , 93483 , false
CuttingEdges , 10 , 0.9277416294798245 , 57992 , false
CuttingEdges , 10 , 0.8254815049144645 , 50406 , false
CuttingEdges , 10 , 0.9309065888008704 , 44820 , false
CuttingEdges , 10 , 0.864432870503499 , 586619 , false
CuttingEdges , 10 , 0.8346905922154019 , 77486 , false
CuttingEdges , 10 , 0.5078736095284976 , 47869 , false
CuttingEdges , 10 , 0.5160694985396977 , 37102 , false
CuttingEdges , 10 , 0.7512542141128543 , 53147 , false
CuttingEdges , 50 , 0.9264896182599616 , 122969 , false
CuttingEdges , 50 , 0.9399576700736719 , 125435 , false
CuttingEdges , 50 , 0.9106932097189184 , 191683 , false
CuttingEdges , 50 , 0.8441036353022947 , 69900 , false
CuttingEdges , 50 , 0.9283174197713941 , 63086 , false
CuttingEdges , 50 , 0.8942851304402625 , 395827 , false
CuttingEdges , 50 , 0.9079740895826133 , 86816 , false
CuttingEdges , 50 , 0.9409256602806313 , 71590 , false
CuttingEdges , 50 , 0.9647984780431272 , 132756 , false
CuttingEdges , 50 , 0.8687559017345047 , 88827 , false
CuttingEdges , 50 , 0.8520445398622759 , 93187 , false
CuttingEdges , 50 , 0.8737653394068974 , 53403 , false
CuttingEdges , 50 , 0.879620650912126 , 63293 , false
CuttingEdges , 50 , 0.9811752635134485 , 59865 , false
CuttingEdges , 50 , 0.9213982339801893 , 96211 , false
CuttingEdges , 50 , 0.964878909955808 , 68737 , false
CuttingEdges , 50 , 0.9236784507371735 , 77956 , false
CuttingEdges , 50 , 0.9238340469557746 , 118634 , false
CuttingEdges , 50 , 0.9096734848706921 , 102302 , false
CuttingEdges , 50 , 0.8903004380591036 , 66635 , false
CuttingEdges , 50 , 0.9128206352843385 , 87071 , false
CuttingEdges , 50 , 0.9184216019622986 , 141385 , false
CuttingEdges , 50 , 0.9584635713625538 , 100044 , false
CuttingEdges , 50 , 0.8683624541925866 , 71921 , false
CuttingEdges , 50 , 0.9435329390507161 , 84012 , false
CuttingEdges , 50 , 0.9199881806518149 , 68390 , false
CuttingEdges , 50 , 0.9297541638378672 , 68434 , false
CuttingEdges , 50 , 0.9352108022826302 , 95187 , false
CuttingEdges , 50 , 0.9752179824490045 , 46788 , false
CuttingEdges , 50 , 0.9473491513889707 , 90529 , false
CuttingEdges , 100 , 0.9482262130915801 , 86503 , false
CuttingEdges , 100 , 0.9588626113194919 , 107792 , false
CuttingEdges , 100 , 0.9287699930853308 , 80978 , false
CuttingEdges , 100 , 0.9663933037375075 , 104588 , false
CuttingEdges , 100 , 0.9293842100121772 , 72847 , false
CuttingEdges , 100 , 0.9436030968613892 , 89176 , false
CuttingEdges , 100 , 0.9471304949099383 , 76079 , false
CuttingEdges , 100 , 0.9430761953166305 , 59856 , false
CuttingEdges , 100 , 0.9382159510515585 , 82314 , false
CuttingEdges , 100 , 0.9793241205688169 , 50041 , false
CuttingEdges , 100 , 0.972279353496048 , 60489 , false
CuttingEdges , 100 , 0.9225310449373643 , 56414 , false
CuttingEdges , 100 , 0.896032384416366 , 101311 , false
CuttingEdges , 100 , 0.9686468844820288 , 181582 , false
CuttingEdges , 100 , 0.9486858511554556 , 83784 , false
CuttingEdges , 100 , 0.9415263221387936 , 127941 , false
CuttingEdges , 100 , 0.9673451951854048 , 101765 , false
CuttingEdges , 100 , 0.9382419292354739 , 72698 , false
CuttingEdges , 100 , 0.9160970538100652 , 108784 , false
CuttingEdges , 100 , 0.9562043522357198 , 69256 , false
CuttingEdges , 100 , 0.9167670083105195 , 93091 , false
CuttingEdges , 100 , 0.9633400407964985 , 67123 , false
CuttingEdges , 100 , 0.959673362879827 , 79053 , false
CuttingEdges , 100 , 0.985408533827833 , 61241 , false
CuttingEdges , 100 , 0.9721049693926866 , 49366 , false
CuttingEdges , 100 , 0.907644514173587 , 176848 , false
CuttingEdges , 100 , 0.9231789152728841 , 91844 , false
CuttingEdges , 100 , 0.9060580004717858 , 115968 , false
CuttingEdges , 100 , 0.9405716926631277 , 90951 , false
CuttingEdges , 100 , 0.9467404391498611 , 100237 , false
LessArea , 10 , 0.9847000228048678 , 5881150 , false
LessArea , 10 , 0.6846309703732688 , 2056262 , false
LessArea , 10 , 0.7922974045923946 , 2204615 , false
LessArea , 10 , 1.0 , 492525 , false
LessArea , 10 , 0.8822545565752392 , 1758956 , false
LessArea , 10 , 0.9796027781673833 , 1125839 , false
LessArea , 10 , 0.7647955512125499 , 1734326 , false
LessArea , 10 , 0.8997867830789316 , 564419 , false
LessArea , 10 , 0.37602727183047835 , 1395513 , false
LessArea , 10 , 0.9059708767110497 , 666387 , false
LessArea , 10 , 0.5007709265136524 , 736551 , false
LessArea , 10 , 0.7696389342678167 , 298971 , false
LessArea , 10 , 0.7667081821631441 , 349937 , false
LessArea , 10 , 0.9713920471170011 , 253119 , false
LessArea , 10 , null , null , true
DistanceFromG2 , 10 , 0.8297135048074576 , 2254057 , false
DistanceFromG2 , 10 , 0.5561704623702532 , 362525 , false
DistanceFromG2 , 10 , 0.8033814312782394 , 364291 , false
DistanceFromG2 , 10 , 1.0 , 346710 , false
DistanceFromG2 , 10 , 0.5821339821909298 , 217628 , false
DistanceFromG2 , 10 , 0.9115787002391748 , 269738 , false
DistanceFromG2 , 10 , 0.8150005929088107 , 640000 , false
DistanceFromG2 , 10 , 0.8685780385028505 , 219869 , false
DistanceFromG2 , 10 , 0.7865641422299064 , 294585 , false
DistanceFromG2 , 10 , 0.8892584216516637 , 218143 , false
DistanceFromG2 , 10 , 0.9556473484374348 , 235349 , false
DistanceFromG2 , 10 , 0.6513382314353188 , 276024 , false
DistanceFromG2 , 10 , 0.8771036871537923 , 225244 , false
DistanceFromG2 , 10 , 0.8119810201660735 , 874169 , false
DistanceFromG2 , 10 , 0.8902670248064465 , 305864 , false
DistanceFromG2 , 10 , 0.7685888243729284 , 376758 , false
DistanceFromG2 , 10 , 0.7814765568113464 , 243450 , false
DistanceFromG2 , 10 , 0.5995360520500185 , 805840 , false
DistanceFromG2 , 10 , 1.0 , 229710 , false
DistanceFromG2 , 10 , 0.7016450172389664 , 212068 , false
DistanceFromG2 , 10 , 0.8055293224450494 , 192886 , false
DistanceFromG2 , 10 , 0.9085032322227747 , 216390 , false
DistanceFromG2 , 10 , 0.7672977585357752 , 196415 , false
DistanceFromG2 , 10 , 0.6672494357735466 , 328048 , false
DistanceFromG2 , 10 , 0.9744977140220629 , 317831 , false
DistanceFromG2 , 10 , 0.5160431317393342 , 328420 , false
DistanceFromG2 , 10 , 0.9238278980033007 , 254344 , false
DistanceFromG2 , 10 , 0.6427960599246192 , 172401 , false
DistanceFromG2 , 10 , 0.7636301322914525 , 257695 , false
DistanceFromG2 , 10 , 0.8603999153618281 , 303200 , false
DistanceFromG2 , 50 , 0.900330790320658 , 967848 , false
DistanceFromG2 , 50 , 0.8865045485549621 , 872554 , false
DistanceFromG2 , 50 , 0.9073409223584354 , 717081 , false
DistanceFromG2 , 50 , 0.6669914584986759 , 865150 , false
DistanceFromG2 , 50 , 0.8468489874756642 , 959536 , false
DistanceFromG2 , 50 , 0.7525382176071914 , 694069 , false
DistanceFromG2 , 50 , 0.8315973169002563 , 1057952 , false
DistanceFromG2 , 50 , 0.8102197667634284 , 704505 , false
DistanceFromG2 , 50 , 0.8622763261752284 , 876478 , false
DistanceFromG2 , 50 , 0.796162182164191 , 966482 , false
DistanceFromG2 , 50 , 0.801618533798794 , 681089 , false
DistanceFromG2 , 50 , 0.8074358656586937 , 603617 , false
DistanceFromG2 , 50 , 0.6948540835106002 , 790823 , false
DistanceFromG2 , 50 , 0.8287922659451591 , 586902 , false
DistanceFromG2 , 50 , 0.746827814514864 , 607785 , false
DistanceFromG2 , 50 , 0.8899993424945756 , 905276 , false
DistanceFromG2 , 50 , 0.869284990102834 , 715994 , false
DistanceFromG2 , 50 , 0.7274569319781587 , 996356 , false
DistanceFromG2 , 50 , 0.7924432555475812 , 953770 , false
DistanceFromG2 , 50 , 0.7951282750086548 , 801321 , false
DistanceFromG2 , 50 , 0.8105916908769318 , 1001358 , false
DistanceFromG2 , 50 , 0.6985652913998541 , 888277 , false
DistanceFromG2 , 50 , 0.854211747344822 , 1097335 , false
DistanceFromG2 , 50 , 0.8049966492865432 , 784860 , false
DistanceFromG2 , 50 , 0.7204473675077222 , 834620 , false
DistanceFromG2 , 50 , 0.7471612864871292 , 632007 , false
DistanceFromG2 , 50 , 0.7361735769501054 , 876404 , false
DistanceFromG2 , 50 , 0.647637779663571 , 1167011 , false
DistanceFromG2 , 50 , 0.5981107964099154 , 965339 , false
DistanceFromG2 , 50 , 0.8727163094464326 , 863677 , false
DistanceFromG2 , 100 , 0.8431375494843115 , 1780812 , false
DistanceFromG2 , 100 , 0.8454645451934057 , 2016132 , false
DistanceFromG2 , 100 , 0.8564472577575141 , 1903878 , false
DistanceFromG2 , 100 , 0.7764855193075899 , 1453418 , false
DistanceFromG2 , 100 , 0.7109868995633187 , 1715432 , false
DistanceFromG2 , 100 , 0.8642153328526796 , 1770549 , false
DistanceFromG2 , 100 , 0.8282124219196723 , 1912351 , false
DistanceFromG2 , 100 , 0.7643042820007427 , 1837838 , false
DistanceFromG2 , 100 , 0.663890100305277 , 1780305 , false
DistanceFromG2 , 100 , 0.7344047980053237 , 1285589 , false
DistanceFromG2 , 100 , 0.8490784435936248 , 1178560 , false
DistanceFromG2 , 100 , 0.7438550051320836 , 1270110 , false
DistanceFromG2 , 100 , 0.9117544112499743 , 1917250 , false
DistanceFromG2 , 100 , 0.8960282584470469 , 1773139 , false
DistanceFromG2 , 100 , 0.744533079052424 , 1810741 , false
DistanceFromG2 , 100 , 0.7068133939461138 , 1310346 , false
DistanceFromG2 , 100 , 0.7927325815006295 , 1552106 , false
DistanceFromG2 , 100 , 0.8520257589696412 , 1422220 , false
DistanceFromG2 , 100 , 0.6852738584207652 , 1862381 , false
DistanceFromG2 , 100 , 0.8410873186786396 , 1545170 , false
DistanceFromG2 , 100 , 0.6668225946902909 , 1110551 , false
DistanceFromG2 , 100 , 0.8518827022062749 , 975264 , false
DistanceFromG2 , 100 , 0.874925124548921 , 983842 , false
DistanceFromG2 , 100 , 0.8134481106740024 , 1741101 , false
DistanceFromG2 , 100 , 0.7047016671541386 , 1794494 , false
DistanceFromG2 , 100 , 0.776201324126148 , 1772343 , false
DistanceFromG2 , 100 , 0.7479471672854352 , 1208762 , false
DistanceFromG2 , 100 , 0.7498991528842275 , 997354 , false
DistanceFromG2 , 100 , 0.8667993194336303 , 1319618 , false
DistanceFromG2 , 100 , 0.9303382972510741 , 1109403 , false
DistanceFromG2 , 10 , 0.8997292483811524 , 336331 , false
DistanceFromG2 , 10 , 0.8248795042460408 , 109133 , false
DistanceFromG2 , 10 , 0.8567411924119241 , 102555 , false
DistanceFromG2 , 10 , 0.9021798569019208 , 111022 , false
DistanceFromG2 , 10 , 0.9096420866294186 , 96900 , false
DistanceFromG2 , 10 , 0.7756803991384874 , 178462 , false
DistanceFromG2 , 10 , 0.8530230956071431 , 110304 , false
DistanceFromG2 , 10 , 0.8756696524236061 , 112716 , false
DistanceFromG2 , 10 , 0.7811616391498049 , 100013 , false
DistanceFromG2 , 10 , 1.0 , 103318 , false
DistanceFromG2 , 10 , 0.7318243065736731 , 94742 , false
DistanceFromG2 , 10 , 0.9394396228615215 , 86942 , false
DistanceFromG2 , 10 , 0.7962749875012896 , 138902 , false
DistanceFromG2 , 10 , 0.8574806884881441 , 98850 , false
DistanceFromG2 , 10 , 0.8561317505094382 , 192952 , false
DistanceFromG2 , 10 , 0.712966669092497 , 147883 , false
DistanceFromG2 , 10 , 0.8996902792116703 , 179156 , false
DistanceFromG2 , 10 , 0.9607578152888979 , 192242 , false
DistanceFromG2 , 10 , 0.7850315805494255 , 189113 , false
DistanceFromG2 , 10 , 0.8512584576671148 , 269333 , false
DistanceFromG2 , 10 , 0.7424213469228864 , 301342 , false
DistanceFromG2 , 10 , 0.9427665300195964 , 215968 , false
DistanceFromG2 , 10 , 0.7898494566920046 , 156031 , false
DistanceFromG2 , 10 , 0.9755479470520044 , 208040 , false
DistanceFromG2 , 10 , 0.9123520358723946 , 170952 , false
DistanceFromG2 , 10 , 0.8364743064497249 , 137267 , false
DistanceFromG2 , 10 , 0.8239697861449536 , 130540 , false
DistanceFromG2 , 10 , 0.8127090301003345 , 84935 , false
DistanceFromG2 , 10 , 0.8624703307982352 , 103320 , false
DistanceFromG2 , 10 , 0.9051235663571818 , 126830 , false
DistanceFromG2 , 50 , 0.8485245795496852 , 468225 , false
DistanceFromG2 , 50 , 0.671092212786099 , 916817 , false
DistanceFromG2 , 50 , 0.953532537548999 , 854775 , false
DistanceFromG2 , 50 , 0.6961328501307399 , 771529 , false
DistanceFromG2 , 50 , 0.7091229383656662 , 776368 , false
DistanceFromG2 , 50 , 0.9304422747627891 , 740643 , false
DistanceFromG2 , 50 , 0.5639769287876192 , 472897 , false
DistanceFromG2 , 50 , 0.7203722570532916 , 422402 , false
DistanceFromG2 , 50 , 0.9081929090446436 , 432790 , false
DistanceFromG2 , 50 , 0.841384725445377 , 795835 , false
DistanceFromG2 , 50 , 0.6116876177620293 , 729843 , false
DistanceFromG2 , 50 , 0.6869158878504673 , 409889 , false
DistanceFromG2 , 50 , 0.8706807366025243 , 445054 , false
DistanceFromG2 , 50 , 0.6787304491984908 , 647049 , false
DistanceFromG2 , 50 , 0.7443760070582095 , 697085 , false
DistanceFromG2 , 50 , 0.9228602959208698 , 838437 , false
DistanceFromG2 , 50 , 0.8620237076037066 , 982423 , false
DistanceFromG2 , 50 , 0.8704132849764624 , 444710 , false
DistanceFromG2 , 50 , 0.7957326385438862 , 729880 , false
DistanceFromG2 , 50 , 0.8342179966234702 , 522083 , false
DistanceFromG2 , 50 , 0.8440742511217607 , 821318 , false
DistanceFromG2 , 50 , 0.7723136471365215 , 756676 , false
DistanceFromG2 , 50 , 0.8204223650509834 , 499691 , false
DistanceFromG2 , 50 , 0.9772722491722168 , 398926 , false
DistanceFromG2 , 50 , 0.7682147708247781 , 411146 , false
DistanceFromG2 , 50 , 0.8445662596110357 , 446925 , false
DistanceFromG2 , 50 , 0.8538245574743443 , 489050 , false
DistanceFromG2 , 50 , 0.698753807809471 , 565837 , false
DistanceFromG2 , 50 , 0.5870128914798536 , 714188 , false
DistanceFromG2 , 50 , 0.8281051550414708 , 463777 , false
DistanceFromG2 , 100 , 0.8761476571901995 , 1495585 , false
DistanceFromG2 , 100 , 0.7173634498645176 , 1595566 , false
DistanceFromG2 , 100 , 0.704168673409322 , 1302560 , false
DistanceFromG2 , 100 , 0.8604747799774117 , 1127343 , false
DistanceFromG2 , 100 , 0.6390107257380856 , 1567226 , false
DistanceFromG2 , 100 , 0.7712703367318898 , 1109624 , false
DistanceFromG2 , 100 , 0.8396218288323212 , 1462231 , false
DistanceFromG2 , 100 , 0.759787640243743 , 1326923 , false
DistanceFromG2 , 100 , 0.8707279568859089 , 1398298 , false
DistanceFromG2 , 100 , 0.8089980091974381 , 1327958 , false
DistanceFromG2 , 100 , 0.6885256476878913 , 1438123 , false
DistanceFromG2 , 100 , 0.8544312176411445 , 1501947 , false
DistanceFromG2 , 100 , 0.9171834859560843 , 1017146 , false
DistanceFromG2 , 100 , 0.8283283109925762 , 1496993 , false
DistanceFromG2 , 100 , 0.8585229719964831 , 1355835 , false
DistanceFromG2 , 100 , 0.8348487766638621 , 1376183 , false
DistanceFromG2 , 100 , 0.7063448694596236 , 1104841 , false
DistanceFromG2 , 100 , 0.7191817320243907 , 1290866 , false
DistanceFromG2 , 100 , 0.7372588202866593 , 1344229 , false
DistanceFromG2 , 100 , 0.8625468775476928 , 1056163 , false
DistanceFromG2 , 100 , 0.9234249185159615 , 1598767 , false
DistanceFromG2 , 100 , 0.7192331982713964 , 1212772 , false
DistanceFromG2 , 100 , 0.8818853827199745 , 1560268 , false
DistanceFromG2 , 100 , 0.8525219201212022 , 1376417 , false
DistanceFromG2 , 100 , 0.8241805376835056 , 1346014 , false
DistanceFromG2 , 100 , 0.7592931224612293 , 1371667 , false
DistanceFromG2 , 100 , 0.7989495585834212 , 1400844 , false
DistanceFromG2 , 100 , 0.7053987393806522 , 1647686 , false
DistanceFromG2 , 100 , 0.8204068875580639 , 1975647 , false
DistanceFromG2 , 100 , 0.7468974292175896 , 1660889 , false
DistanceFromG2 , 10 , 0.8833769117805079 , 113509 , false
DistanceFromG2 , 10 , 0.7721138454731198 , 106977 , false
DistanceFromG2 , 10 , 0.8226696597492477 , 113666 , false
DistanceFromG2 , 10 , 0.6625201652383927 , 106350 , false
DistanceFromG2 , 10 , 0.671259964159921 , 92743 , false
DistanceFromG2 , 10 , 0.7326077610229137 , 92006 , false
DistanceFromG2 , 10 , 0.6289698171067456 , 87183 , false
DistanceFromG2 , 10 , 0.9052484718304912 , 136808 , false
DistanceFromG2 , 10 , 0.847117955573838 , 178629 , false
DistanceFromG2 , 10 , 0.544239276783997 , 87663 , false
DistanceFromG2 , 10 , 0.6925803467572791 , 91017 , false
DistanceFromG2 , 10 , 0.5927702210768395 , 73601 , false
DistanceFromG2 , 10 , 0.9319707682252986 , 99712 , false
DistanceFromG2 , 10 , 0.6589914578377113 , 96736 , false
DistanceFromG2 , 10 , 0.5471346944852873 , 203151 , false
DistanceFromG2 , 10 , 0.6706469077125189 , 104709 , false
DistanceFromG2 , 10 , 0.9864684065236168 , 100142 , false
DistanceFromG2 , 10 , 0.5063846810903154 , 83648 , false
DistanceFromG2 , 10 , 0.7380205568691792 , 90368 , false
DistanceFromG2 , 10 , 0.7850951033420497 , 118165 , false
DistanceFromG2 , 10 , 0.684017180965299 , 89864 , false
DistanceFromG2 , 10 , 0.6268767585818795 , 144317 , false
DistanceFromG2 , 10 , 0.7912110343218732 , 109769 , false
DistanceFromG2 , 10 , 0.5824889646869984 , 145071 , false
DistanceFromG2 , 10 , 0.8171173992544476 , 138287 , false
DistanceFromG2 , 10 , 0.7072022092363833 , 99496 , false
DistanceFromG2 , 10 , 0.7313937362764359 , 150777 , false
DistanceFromG2 , 10 , 0.4820040185201363 , 94493 , false
DistanceFromG2 , 10 , 0.6069481459435327 , 101468 , false
DistanceFromG2 , 10 , 0.6626202509722419 , 107852 , false
DistanceFromG2 , 50 , 0.8220903696942036 , 383442 , false
DistanceFromG2 , 50 , 0.7465100142304391 , 446775 , false
DistanceFromG2 , 50 , 0.7576766436098002 , 400107 , false
DistanceFromG2 , 50 , 0.7271167740807019 , 379721 , false
DistanceFromG2 , 50 , 0.6234402440151585 , 413949 , false
DistanceFromG2 , 50 , 0.5972151096154316 , 385126 , false
DistanceFromG2 , 50 , 0.6942841978955141 , 391780 , false
DistanceFromG2 , 50 , 0.8420714425828096 , 428969 , false
DistanceFromG2 , 50 , 0.8611367665994755 , 406325 , false
DistanceFromG2 , 50 , 0.6815087675367208 , 346654 , false
DistanceFromG2 , 50 , 0.5874585113112203 , 446485 , false
DistanceFromG2 , 50 , 0.568392043787239 , 533462 , false
DistanceFromG2 , 50 , 0.7316931762280681 , 440557 , false
DistanceFromG2 , 50 , 0.9301601250298949 , 402065 , false
DistanceFromG2 , 50 , 0.7872747453643248 , 471440 , false
DistanceFromG2 , 50 , 0.8877400906303358 , 458922 , false
DistanceFromG2 , 50 , 0.6068266218113114 , 523117 , false
DistanceFromG2 , 50 , 0.79280029063047 , 302502 , false
DistanceFromG2 , 50 , 0.752237578041547 , 392962 , false
DistanceFromG2 , 50 , 0.7945146845779006 , 395310 , false
DistanceFromG2 , 50 , 0.7807827820402865 , 403248 , false
DistanceFromG2 , 50 , 0.7822776727165557 , 431392 , false
DistanceFromG2 , 50 , 0.7313352123754588 , 446737 , false
DistanceFromG2 , 50 , 0.7308492892887184 , 455559 , false
DistanceFromG2 , 50 , 0.8041588773701717 , 430529 , false
DistanceFromG2 , 50 , 0.8040332216231969 , 458613 , false
DistanceFromG2 , 50 , 0.6262369433754811 , 449378 , false
DistanceFromG2 , 50 , 0.8055612613194204 , 332633 , false
DistanceFromG2 , 50 , 0.8986489302790861 , 285294 , false
DistanceFromG2 , 50 , 0.8557935428770495 , 393172 , false
DistanceFromG2 , 100 , 0.6758520093172619 , 922033 , false
DistanceFromG2 , 100 , 0.8594771062522291 , 956142 , false
DistanceFromG2 , 100 , 0.8429843969002305 , 865572 , false
DistanceFromG2 , 100 , 0.8889018451577796 , 959146 , false
DistanceFromG2 , 100 , 0.8238949692896188 , 746265 , false
DistanceFromG2 , 100 , 0.8558665803707641 , 471451 , false
DistanceFromG2 , 100 , 0.8647750286167122 , 849403 , false
DistanceFromG2 , 100 , 0.8592659086375424 , 887348 , false
DistanceFromG2 , 100 , 0.7527915804384635 , 762636 , false
DistanceFromG2 , 100 , 0.9018633124064434 , 850655 , false
DistanceFromG2 , 100 , 0.7987101099055558 , 989688 , false
DistanceFromG2 , 100 , 0.8109878833326756 , 839072 , false
DistanceFromG2 , 100 , 0.6518299007260335 , 899938 , false
DistanceFromG2 , 100 , 0.8216506356664721 , 1117098 , false
DistanceFromG2 , 100 , 0.7324140665440488 , 920573 , false
DistanceFromG2 , 100 , 0.847441256307349 , 992886 , false
DistanceFromG2 , 100 , 0.8684634189970782 , 828052 , false
DistanceFromG2 , 100 , 0.8904354899756524 , 1201603 , false
DistanceFromG2 , 100 , 0.8255565031240754 , 841883 , false
DistanceFromG2 , 100 , 0.8730516283123734 , 871336 , false
DistanceFromG2 , 100 , 0.7465784453981879 , 809749 , false
DistanceFromG2 , 100 , 0.8237246067931043 , 772337 , false
DistanceFromG2 , 100 , 0.8169230150476595 , 1209132 , false
DistanceFromG2 , 100 , 0.7623224308973029 , 750080 , false
DistanceFromG2 , 100 , 0.924211250127586 , 872876 , false
DistanceFromG2 , 100 , 0.6928066887703618 , 1161855 , false
DistanceFromG2 , 100 , 0.7530365748002514 , 640724 , false
DistanceFromG2 , 100 , 0.8020008336807003 , 1116328 , false
DistanceFromG2 , 100 , 0.7824297353378528 , 977063 , false
DistanceFromG2 , 100 , 0.8292282794244795 , 769786 , false
